--
-- PostgreSQL database dump
--

\restrict gLqd0GDnhUgc6ZmoVQ7WmLMvpvdG3JTc6VhpcQ2YwNtd4CJwcbEPuRe2j5P5kA3

-- Dumped from database version 16.11 (Ubuntu 16.11-0ubuntu0.24.04.1)
-- Dumped by pg_dump version 16.11 (Ubuntu 16.11-0ubuntu0.24.04.1)

SET statement_timeout = 0;
SET lock_timeout = 0;
SET idle_in_transaction_session_timeout = 0;
SET client_encoding = 'UTF8';
SET standard_conforming_strings = on;
SELECT pg_catalog.set_config('search_path', '', false);
SET check_function_bodies = false;
SET xmloption = content;
SET client_min_messages = warning;
SET row_security = off;

SET default_tablespace = '';

SET default_table_access_method = heap;

--
-- Name: auth_group; Type: TABLE; Schema: public; Owner: postgres
--

CREATE TABLE public.auth_group (
    id integer NOT NULL,
    name character varying(150) NOT NULL
);


ALTER TABLE public.auth_group OWNER TO postgres;

--
-- Name: auth_group_id_seq; Type: SEQUENCE; Schema: public; Owner: postgres
--

ALTER TABLE public.auth_group ALTER COLUMN id ADD GENERATED BY DEFAULT AS IDENTITY (
    SEQUENCE NAME public.auth_group_id_seq
    START WITH 1
    INCREMENT BY 1
    NO MINVALUE
    NO MAXVALUE
    CACHE 1
);


--
-- Name: auth_group_permissions; Type: TABLE; Schema: public; Owner: postgres
--

CREATE TABLE public.auth_group_permissions (
    id bigint NOT NULL,
    group_id integer NOT NULL,
    permission_id integer NOT NULL
);


ALTER TABLE public.auth_group_permissions OWNER TO postgres;

--
-- Name: auth_group_permissions_id_seq; Type: SEQUENCE; Schema: public; Owner: postgres
--

ALTER TABLE public.auth_group_permissions ALTER COLUMN id ADD GENERATED BY DEFAULT AS IDENTITY (
    SEQUENCE NAME public.auth_group_permissions_id_seq
    START WITH 1
    INCREMENT BY 1
    NO MINVALUE
    NO MAXVALUE
    CACHE 1
);


--
-- Name: auth_permission; Type: TABLE; Schema: public; Owner: postgres
--

CREATE TABLE public.auth_permission (
    id integer NOT NULL,
    name character varying(255) NOT NULL,
    content_type_id integer NOT NULL,
    codename character varying(100) NOT NULL
);


ALTER TABLE public.auth_permission OWNER TO postgres;

--
-- Name: auth_permission_id_seq; Type: SEQUENCE; Schema: public; Owner: postgres
--

ALTER TABLE public.auth_permission ALTER COLUMN id ADD GENERATED BY DEFAULT AS IDENTITY (
    SEQUENCE NAME public.auth_permission_id_seq
    START WITH 1
    INCREMENT BY 1
    NO MINVALUE
    NO MAXVALUE
    CACHE 1
);


--
-- Name: auth_user; Type: TABLE; Schema: public; Owner: postgres
--

CREATE TABLE public.auth_user (
    id integer NOT NULL,
    password character varying(128) NOT NULL,
    last_login timestamp with time zone,
    is_superuser boolean NOT NULL,
    username character varying(150) NOT NULL,
    first_name character varying(150) NOT NULL,
    last_name character varying(150) NOT NULL,
    email character varying(254) NOT NULL,
    is_staff boolean NOT NULL,
    is_active boolean NOT NULL,
    date_joined timestamp with time zone NOT NULL
);


ALTER TABLE public.auth_user OWNER TO postgres;

--
-- Name: auth_user_groups; Type: TABLE; Schema: public; Owner: postgres
--

CREATE TABLE public.auth_user_groups (
    id bigint NOT NULL,
    user_id integer NOT NULL,
    group_id integer NOT NULL
);


ALTER TABLE public.auth_user_groups OWNER TO postgres;

--
-- Name: auth_user_groups_id_seq; Type: SEQUENCE; Schema: public; Owner: postgres
--

ALTER TABLE public.auth_user_groups ALTER COLUMN id ADD GENERATED BY DEFAULT AS IDENTITY (
    SEQUENCE NAME public.auth_user_groups_id_seq
    START WITH 1
    INCREMENT BY 1
    NO MINVALUE
    NO MAXVALUE
    CACHE 1
);


--
-- Name: auth_user_id_seq; Type: SEQUENCE; Schema: public; Owner: postgres
--

ALTER TABLE public.auth_user ALTER COLUMN id ADD GENERATED BY DEFAULT AS IDENTITY (
    SEQUENCE NAME public.auth_user_id_seq
    START WITH 1
    INCREMENT BY 1
    NO MINVALUE
    NO MAXVALUE
    CACHE 1
);


--
-- Name: auth_user_user_permissions; Type: TABLE; Schema: public; Owner: postgres
--

CREATE TABLE public.auth_user_user_permissions (
    id bigint NOT NULL,
    user_id integer NOT NULL,
    permission_id integer NOT NULL
);


ALTER TABLE public.auth_user_user_permissions OWNER TO postgres;

--
-- Name: auth_user_user_permissions_id_seq; Type: SEQUENCE; Schema: public; Owner: postgres
--

ALTER TABLE public.auth_user_user_permissions ALTER COLUMN id ADD GENERATED BY DEFAULT AS IDENTITY (
    SEQUENCE NAME public.auth_user_user_permissions_id_seq
    START WITH 1
    INCREMENT BY 1
    NO MINVALUE
    NO MAXVALUE
    CACHE 1
);


--
-- Name: core_actionlog; Type: TABLE; Schema: public; Owner: postgres
--

CREATE TABLE public.core_actionlog (
    id bigint NOT NULL,
    action character varying(20) NOT NULL,
    object_type character varying(50) NOT NULL,
    object_id integer,
    object_name character varying(200) NOT NULL,
    ip_address inet,
    user_agent text,
    "timestamp" timestamp with time zone NOT NULL,
    details text,
    user_id integer NOT NULL,
    CONSTRAINT core_actionlog_object_id_check CHECK ((object_id >= 0))
);


ALTER TABLE public.core_actionlog OWNER TO postgres;

--
-- Name: core_actionlog_id_seq; Type: SEQUENCE; Schema: public; Owner: postgres
--

ALTER TABLE public.core_actionlog ALTER COLUMN id ADD GENERATED BY DEFAULT AS IDENTITY (
    SEQUENCE NAME public.core_actionlog_id_seq
    START WITH 1
    INCREMENT BY 1
    NO MINVALUE
    NO MAXVALUE
    CACHE 1
);


--
-- Name: core_assortmentgroup; Type: TABLE; Schema: public; Owner: postgres
--

CREATE TABLE public.core_assortmentgroup (
    id bigint NOT NULL,
    name character varying(25) NOT NULL
);


ALTER TABLE public.core_assortmentgroup OWNER TO postgres;

--
-- Name: core_assortmentgroup_id_seq; Type: SEQUENCE; Schema: public; Owner: postgres
--

ALTER TABLE public.core_assortmentgroup ALTER COLUMN id ADD GENERATED BY DEFAULT AS IDENTITY (
    SEQUENCE NAME public.core_assortmentgroup_id_seq
    START WITH 1
    INCREMENT BY 1
    NO MINVALUE
    NO MAXVALUE
    CACHE 1
);


--
-- Name: core_bank; Type: TABLE; Schema: public; Owner: postgres
--

CREATE TABLE public.core_bank (
    id bigint NOT NULL,
    name character varying(20) NOT NULL,
    correspondent_account_number character varying(20) NOT NULL,
    bank_identification_code character varying(9) NOT NULL,
    taxpayer_identification_number character varying(10) NOT NULL
);


ALTER TABLE public.core_bank OWNER TO postgres;

--
-- Name: core_bank_id_seq; Type: SEQUENCE; Schema: public; Owner: postgres
--

ALTER TABLE public.core_bank ALTER COLUMN id ADD GENERATED BY DEFAULT AS IDENTITY (
    SEQUENCE NAME public.core_bank_id_seq
    START WITH 1
    INCREMENT BY 1
    NO MINVALUE
    NO MAXVALUE
    CACHE 1
);


--
-- Name: core_city; Type: TABLE; Schema: public; Owner: postgres
--

CREATE TABLE public.core_city (
    id bigint NOT NULL,
    name character varying(20) NOT NULL
);


ALTER TABLE public.core_city OWNER TO postgres;

--
-- Name: core_city_id_seq; Type: SEQUENCE; Schema: public; Owner: postgres
--

ALTER TABLE public.core_city ALTER COLUMN id ADD GENERATED BY DEFAULT AS IDENTITY (
    SEQUENCE NAME public.core_city_id_seq
    START WITH 1
    INCREMENT BY 1
    NO MINVALUE
    NO MAXVALUE
    CACHE 1
);


--
-- Name: core_classification; Type: TABLE; Schema: public; Owner: postgres
--

CREATE TABLE public.core_classification (
    id bigint NOT NULL,
    name character varying(25) NOT NULL
);


ALTER TABLE public.core_classification OWNER TO postgres;

--
-- Name: core_classification_id_seq; Type: SEQUENCE; Schema: public; Owner: postgres
--

ALTER TABLE public.core_classification ALTER COLUMN id ADD GENERATED BY DEFAULT AS IDENTITY (
    SEQUENCE NAME public.core_classification_id_seq
    START WITH 1
    INCREMENT BY 1
    NO MINVALUE
    NO MAXVALUE
    CACHE 1
);


--
-- Name: core_country; Type: TABLE; Schema: public; Owner: postgres
--

CREATE TABLE public.core_country (
    id bigint NOT NULL,
    name character varying(20) NOT NULL
);


ALTER TABLE public.core_country OWNER TO postgres;

--
-- Name: core_country_id_seq; Type: SEQUENCE; Schema: public; Owner: postgres
--

ALTER TABLE public.core_country ALTER COLUMN id ADD GENERATED BY DEFAULT AS IDENTITY (
    SEQUENCE NAME public.core_country_id_seq
    START WITH 1
    INCREMENT BY 1
    NO MINVALUE
    NO MAXVALUE
    CACHE 1
);


--
-- Name: core_delivery; Type: TABLE; Schema: public; Owner: postgres
--

CREATE TABLE public.core_delivery (
    id bigint NOT NULL,
    date date NOT NULL,
    provider_id bigint NOT NULL
);


ALTER TABLE public.core_delivery OWNER TO postgres;

--
-- Name: core_delivery_id_seq; Type: SEQUENCE; Schema: public; Owner: postgres
--

ALTER TABLE public.core_delivery ALTER COLUMN id ADD GENERATED BY DEFAULT AS IDENTITY (
    SEQUENCE NAME public.core_delivery_id_seq
    START WITH 1
    INCREMENT BY 1
    NO MINVALUE
    NO MAXVALUE
    CACHE 1
);


--
-- Name: core_deliveryproduct; Type: TABLE; Schema: public; Owner: postgres
--

CREATE TABLE public.core_deliveryproduct (
    id bigint NOT NULL,
    quantity numeric(10,3) NOT NULL,
    delivery_id bigint NOT NULL,
    product_id bigint NOT NULL
);


ALTER TABLE public.core_deliveryproduct OWNER TO postgres;

--
-- Name: core_deliveryproduct_id_seq; Type: SEQUENCE; Schema: public; Owner: postgres
--

ALTER TABLE public.core_deliveryproduct ALTER COLUMN id ADD GENERATED BY DEFAULT AS IDENTITY (
    SEQUENCE NAME public.core_deliveryproduct_id_seq
    START WITH 1
    INCREMENT BY 1
    NO MINVALUE
    NO MAXVALUE
    CACHE 1
);


--
-- Name: core_department; Type: TABLE; Schema: public; Owner: postgres
--

CREATE TABLE public.core_department (
    id bigint NOT NULL,
    name character varying(25) NOT NULL
);


ALTER TABLE public.core_department OWNER TO postgres;

--
-- Name: core_department_id_seq; Type: SEQUENCE; Schema: public; Owner: postgres
--

ALTER TABLE public.core_department ALTER COLUMN id ADD GENERATED BY DEFAULT AS IDENTITY (
    SEQUENCE NAME public.core_department_id_seq
    START WITH 1
    INCREMENT BY 1
    NO MINVALUE
    NO MAXVALUE
    CACHE 1
);


--
-- Name: core_dish; Type: TABLE; Schema: public; Owner: postgres
--

CREATE TABLE public.core_dish (
    id bigint NOT NULL,
    name character varying(30) NOT NULL,
    price numeric(10,2) NOT NULL,
    output numeric(10,3) NOT NULL,
    description text NOT NULL,
    image character varying(100),
    assortment_group_id bigint NOT NULL,
    unit_of_measurement_id bigint NOT NULL
);


ALTER TABLE public.core_dish OWNER TO postgres;

--
-- Name: core_dish_id_seq; Type: SEQUENCE; Schema: public; Owner: postgres
--

ALTER TABLE public.core_dish ALTER COLUMN id ADD GENERATED BY DEFAULT AS IDENTITY (
    SEQUENCE NAME public.core_dish_id_seq
    START WITH 1
    INCREMENT BY 1
    NO MINVALUE
    NO MAXVALUE
    CACHE 1
);


--
-- Name: core_dish_ingredients; Type: TABLE; Schema: public; Owner: postgres
--

CREATE TABLE public.core_dish_ingredients (
    id bigint NOT NULL,
    dish_id bigint NOT NULL,
    ingredient_id bigint NOT NULL
);


ALTER TABLE public.core_dish_ingredients OWNER TO postgres;

--
-- Name: core_dish_ingredients_id_seq; Type: SEQUENCE; Schema: public; Owner: postgres
--

ALTER TABLE public.core_dish_ingredients ALTER COLUMN id ADD GENERATED BY DEFAULT AS IDENTITY (
    SEQUENCE NAME public.core_dish_ingredients_id_seq
    START WITH 1
    INCREMENT BY 1
    NO MINVALUE
    NO MAXVALUE
    CACHE 1
);


--
-- Name: core_division; Type: TABLE; Schema: public; Owner: postgres
--

CREATE TABLE public.core_division (
    id bigint NOT NULL,
    name character varying(20) NOT NULL
);


ALTER TABLE public.core_division OWNER TO postgres;

--
-- Name: core_division_id_seq; Type: SEQUENCE; Schema: public; Owner: postgres
--

ALTER TABLE public.core_division ALTER COLUMN id ADD GENERATED BY DEFAULT AS IDENTITY (
    SEQUENCE NAME public.core_division_id_seq
    START WITH 1
    INCREMENT BY 1
    NO MINVALUE
    NO MAXVALUE
    CACHE 1
);


--
-- Name: core_employee; Type: TABLE; Schema: public; Owner: postgres
--

CREATE TABLE public.core_employee (
    id bigint NOT NULL,
    first_name character varying(25) NOT NULL,
    last_name character varying(25) NOT NULL,
    middle_name character varying(25) NOT NULL,
    birthday_date date NOT NULL,
    house_number character varying(6) NOT NULL,
    work_experience character varying(20) NOT NULL,
    gender character varying(20) NOT NULL,
    city_id bigint NOT NULL,
    country_id bigint NOT NULL,
    position_id bigint NOT NULL,
    street_id bigint NOT NULL
);


ALTER TABLE public.core_employee OWNER TO postgres;

--
-- Name: core_employee_id_seq; Type: SEQUENCE; Schema: public; Owner: postgres
--

ALTER TABLE public.core_employee ALTER COLUMN id ADD GENERATED BY DEFAULT AS IDENTITY (
    SEQUENCE NAME public.core_employee_id_seq
    START WITH 1
    INCREMENT BY 1
    NO MINVALUE
    NO MAXVALUE
    CACHE 1
);


--
-- Name: core_ingredient; Type: TABLE; Schema: public; Owner: postgres
--

CREATE TABLE public.core_ingredient (
    id bigint NOT NULL,
    name character varying(25) NOT NULL,
    gross_weight numeric(10,3) NOT NULL,
    net_weight numeric(10,3) NOT NULL
);


ALTER TABLE public.core_ingredient OWNER TO postgres;

--
-- Name: core_ingredient_id_seq; Type: SEQUENCE; Schema: public; Owner: postgres
--

ALTER TABLE public.core_ingredient ALTER COLUMN id ADD GENERATED BY DEFAULT AS IDENTITY (
    SEQUENCE NAME public.core_ingredient_id_seq
    START WITH 1
    INCREMENT BY 1
    NO MINVALUE
    NO MAXVALUE
    CACHE 1
);


--
-- Name: core_placeofwork; Type: TABLE; Schema: public; Owner: postgres
--

CREATE TABLE public.core_placeofwork (
    id bigint NOT NULL,
    name character varying(25) NOT NULL,
    city_id bigint NOT NULL,
    country_id bigint NOT NULL,
    street_id bigint NOT NULL
);


ALTER TABLE public.core_placeofwork OWNER TO postgres;

--
-- Name: core_placeofwork_id_seq; Type: SEQUENCE; Schema: public; Owner: postgres
--

ALTER TABLE public.core_placeofwork ALTER COLUMN id ADD GENERATED BY DEFAULT AS IDENTITY (
    SEQUENCE NAME public.core_placeofwork_id_seq
    START WITH 1
    INCREMENT BY 1
    NO MINVALUE
    NO MAXVALUE
    CACHE 1
);


--
-- Name: core_position; Type: TABLE; Schema: public; Owner: postgres
--

CREATE TABLE public.core_position (
    id bigint NOT NULL,
    name character varying(25) NOT NULL,
    code character varying(20) NOT NULL
);


ALTER TABLE public.core_position OWNER TO postgres;

--
-- Name: core_position_id_seq; Type: SEQUENCE; Schema: public; Owner: postgres
--

ALTER TABLE public.core_position ALTER COLUMN id ADD GENERATED BY DEFAULT AS IDENTITY (
    SEQUENCE NAME public.core_position_id_seq
    START WITH 1
    INCREMENT BY 1
    NO MINVALUE
    NO MAXVALUE
    CACHE 1
);


--
-- Name: core_product; Type: TABLE; Schema: public; Owner: postgres
--

CREATE TABLE public.core_product (
    id bigint NOT NULL,
    name character varying(40) NOT NULL,
    price_premium numeric(4,2) NOT NULL,
    remaining_stock numeric(10,3) NOT NULL,
    purchase_price numeric(10,2) NOT NULL,
    provider_id bigint NOT NULL,
    unit_of_measurement_id bigint NOT NULL
);


ALTER TABLE public.core_product OWNER TO postgres;

--
-- Name: core_product_id_seq; Type: SEQUENCE; Schema: public; Owner: postgres
--

ALTER TABLE public.core_product ALTER COLUMN id ADD GENERATED BY DEFAULT AS IDENTITY (
    SEQUENCE NAME public.core_product_id_seq
    START WITH 1
    INCREMENT BY 1
    NO MINVALUE
    NO MAXVALUE
    CACHE 1
);


--
-- Name: core_profession; Type: TABLE; Schema: public; Owner: postgres
--

CREATE TABLE public.core_profession (
    id bigint NOT NULL,
    name character varying(25) NOT NULL
);


ALTER TABLE public.core_profession OWNER TO postgres;

--
-- Name: core_profession_id_seq; Type: SEQUENCE; Schema: public; Owner: postgres
--

ALTER TABLE public.core_profession ALTER COLUMN id ADD GENERATED BY DEFAULT AS IDENTITY (
    SEQUENCE NAME public.core_profession_id_seq
    START WITH 1
    INCREMENT BY 1
    NO MINVALUE
    NO MAXVALUE
    CACHE 1
);


--
-- Name: core_provider; Type: TABLE; Schema: public; Owner: postgres
--

CREATE TABLE public.core_provider (
    id bigint NOT NULL,
    name character varying(30) NOT NULL,
    code character varying(8) NOT NULL,
    abbreviation character varying(20) NOT NULL,
    account_number character varying(30) NOT NULL,
    director_first_name character varying(25) NOT NULL,
    director_last_name character varying(25) NOT NULL,
    director_phone character varying(25) NOT NULL,
    house_number character varying(6) NOT NULL,
    bank_id bigint NOT NULL,
    city_id bigint NOT NULL,
    country_id bigint NOT NULL,
    street_id bigint NOT NULL
);


ALTER TABLE public.core_provider OWNER TO postgres;

--
-- Name: core_provider_id_seq; Type: SEQUENCE; Schema: public; Owner: postgres
--

ALTER TABLE public.core_provider ALTER COLUMN id ADD GENERATED BY DEFAULT AS IDENTITY (
    SEQUENCE NAME public.core_provider_id_seq
    START WITH 1
    INCREMENT BY 1
    NO MINVALUE
    NO MAXVALUE
    CACHE 1
);


--
-- Name: core_report; Type: TABLE; Schema: public; Owner: postgres
--

CREATE TABLE public.core_report (
    id bigint NOT NULL,
    date date NOT NULL
);


ALTER TABLE public.core_report OWNER TO postgres;

--
-- Name: core_report_id_seq; Type: SEQUENCE; Schema: public; Owner: postgres
--

ALTER TABLE public.core_report ALTER COLUMN id ADD GENERATED BY DEFAULT AS IDENTITY (
    SEQUENCE NAME public.core_report_id_seq
    START WITH 1
    INCREMENT BY 1
    NO MINVALUE
    NO MAXVALUE
    CACHE 1
);


--
-- Name: core_reportdish; Type: TABLE; Schema: public; Owner: postgres
--

CREATE TABLE public.core_reportdish (
    id bigint NOT NULL,
    quantity numeric(10,3) NOT NULL,
    dish_id bigint NOT NULL,
    report_id bigint NOT NULL
);


ALTER TABLE public.core_reportdish OWNER TO postgres;

--
-- Name: core_reportdish_id_seq; Type: SEQUENCE; Schema: public; Owner: postgres
--

ALTER TABLE public.core_reportdish ALTER COLUMN id ADD GENERATED BY DEFAULT AS IDENTITY (
    SEQUENCE NAME public.core_reportdish_id_seq
    START WITH 1
    INCREMENT BY 1
    NO MINVALUE
    NO MAXVALUE
    CACHE 1
);


--
-- Name: core_request; Type: TABLE; Schema: public; Owner: postgres
--

CREATE TABLE public.core_request (
    id bigint NOT NULL,
    date date NOT NULL,
    division_id bigint NOT NULL
);


ALTER TABLE public.core_request OWNER TO postgres;

--
-- Name: core_request_id_seq; Type: SEQUENCE; Schema: public; Owner: postgres
--

ALTER TABLE public.core_request ALTER COLUMN id ADD GENERATED BY DEFAULT AS IDENTITY (
    SEQUENCE NAME public.core_request_id_seq
    START WITH 1
    INCREMENT BY 1
    NO MINVALUE
    NO MAXVALUE
    CACHE 1
);


--
-- Name: core_requestproduct; Type: TABLE; Schema: public; Owner: postgres
--

CREATE TABLE public.core_requestproduct (
    id bigint NOT NULL,
    quantity numeric(10,3) NOT NULL,
    product_id bigint NOT NULL,
    request_id bigint NOT NULL
);


ALTER TABLE public.core_requestproduct OWNER TO postgres;

--
-- Name: core_requestproduct_id_seq; Type: SEQUENCE; Schema: public; Owner: postgres
--

ALTER TABLE public.core_requestproduct ALTER COLUMN id ADD GENERATED BY DEFAULT AS IDENTITY (
    SEQUENCE NAME public.core_requestproduct_id_seq
    START WITH 1
    INCREMENT BY 1
    NO MINVALUE
    NO MAXVALUE
    CACHE 1
);


--
-- Name: core_specialization; Type: TABLE; Schema: public; Owner: postgres
--

CREATE TABLE public.core_specialization (
    id bigint NOT NULL,
    name character varying(25) NOT NULL
);


ALTER TABLE public.core_specialization OWNER TO postgres;

--
-- Name: core_specialization_id_seq; Type: SEQUENCE; Schema: public; Owner: postgres
--

ALTER TABLE public.core_specialization ALTER COLUMN id ADD GENERATED BY DEFAULT AS IDENTITY (
    SEQUENCE NAME public.core_specialization_id_seq
    START WITH 1
    INCREMENT BY 1
    NO MINVALUE
    NO MAXVALUE
    CACHE 1
);


--
-- Name: core_street; Type: TABLE; Schema: public; Owner: postgres
--

CREATE TABLE public.core_street (
    id bigint NOT NULL,
    name character varying(20) NOT NULL
);


ALTER TABLE public.core_street OWNER TO postgres;

--
-- Name: core_street_id_seq; Type: SEQUENCE; Schema: public; Owner: postgres
--

ALTER TABLE public.core_street ALTER COLUMN id ADD GENERATED BY DEFAULT AS IDENTITY (
    SEQUENCE NAME public.core_street_id_seq
    START WITH 1
    INCREMENT BY 1
    NO MINVALUE
    NO MAXVALUE
    CACHE 1
);


--
-- Name: core_unitofmeasurement; Type: TABLE; Schema: public; Owner: postgres
--

CREATE TABLE public.core_unitofmeasurement (
    id bigint NOT NULL,
    name character varying(8) NOT NULL
);


ALTER TABLE public.core_unitofmeasurement OWNER TO postgres;

--
-- Name: core_unitofmeasurement_id_seq; Type: SEQUENCE; Schema: public; Owner: postgres
--

ALTER TABLE public.core_unitofmeasurement ALTER COLUMN id ADD GENERATED BY DEFAULT AS IDENTITY (
    SEQUENCE NAME public.core_unitofmeasurement_id_seq
    START WITH 1
    INCREMENT BY 1
    NO MINVALUE
    NO MAXVALUE
    CACHE 1
);


--
-- Name: core_workbook; Type: TABLE; Schema: public; Owner: postgres
--

CREATE TABLE public.core_workbook (
    id bigint NOT NULL,
    event_date date,
    reason_for_dismissal text,
    event_type character varying(20) NOT NULL,
    number character varying(20) NOT NULL,
    document_type character varying(30) NOT NULL,
    classification_id bigint NOT NULL,
    department_id bigint NOT NULL,
    employee_id bigint NOT NULL,
    place_of_work_id bigint NOT NULL,
    profession_id bigint NOT NULL,
    specialization_id bigint NOT NULL
);


ALTER TABLE public.core_workbook OWNER TO postgres;

--
-- Name: core_workbook_id_seq; Type: SEQUENCE; Schema: public; Owner: postgres
--

ALTER TABLE public.core_workbook ALTER COLUMN id ADD GENERATED BY DEFAULT AS IDENTITY (
    SEQUENCE NAME public.core_workbook_id_seq
    START WITH 1
    INCREMENT BY 1
    NO MINVALUE
    NO MAXVALUE
    CACHE 1
);


--
-- Name: django_admin_log; Type: TABLE; Schema: public; Owner: postgres
--

CREATE TABLE public.django_admin_log (
    id integer NOT NULL,
    action_time timestamp with time zone NOT NULL,
    object_id text,
    object_repr character varying(200) NOT NULL,
    action_flag smallint NOT NULL,
    change_message text NOT NULL,
    content_type_id integer,
    user_id integer NOT NULL,
    CONSTRAINT django_admin_log_action_flag_check CHECK ((action_flag >= 0))
);


ALTER TABLE public.django_admin_log OWNER TO postgres;

--
-- Name: django_admin_log_id_seq; Type: SEQUENCE; Schema: public; Owner: postgres
--

ALTER TABLE public.django_admin_log ALTER COLUMN id ADD GENERATED BY DEFAULT AS IDENTITY (
    SEQUENCE NAME public.django_admin_log_id_seq
    START WITH 1
    INCREMENT BY 1
    NO MINVALUE
    NO MAXVALUE
    CACHE 1
);


--
-- Name: django_content_type; Type: TABLE; Schema: public; Owner: postgres
--

CREATE TABLE public.django_content_type (
    id integer NOT NULL,
    app_label character varying(100) NOT NULL,
    model character varying(100) NOT NULL
);


ALTER TABLE public.django_content_type OWNER TO postgres;

--
-- Name: django_content_type_id_seq; Type: SEQUENCE; Schema: public; Owner: postgres
--

ALTER TABLE public.django_content_type ALTER COLUMN id ADD GENERATED BY DEFAULT AS IDENTITY (
    SEQUENCE NAME public.django_content_type_id_seq
    START WITH 1
    INCREMENT BY 1
    NO MINVALUE
    NO MAXVALUE
    CACHE 1
);


--
-- Name: django_migrations; Type: TABLE; Schema: public; Owner: postgres
--

CREATE TABLE public.django_migrations (
    id bigint NOT NULL,
    app character varying(255) NOT NULL,
    name character varying(255) NOT NULL,
    applied timestamp with time zone NOT NULL
);


ALTER TABLE public.django_migrations OWNER TO postgres;

--
-- Name: django_migrations_id_seq; Type: SEQUENCE; Schema: public; Owner: postgres
--

ALTER TABLE public.django_migrations ALTER COLUMN id ADD GENERATED BY DEFAULT AS IDENTITY (
    SEQUENCE NAME public.django_migrations_id_seq
    START WITH 1
    INCREMENT BY 1
    NO MINVALUE
    NO MAXVALUE
    CACHE 1
);


--
-- Name: django_session; Type: TABLE; Schema: public; Owner: postgres
--

CREATE TABLE public.django_session (
    session_key character varying(40) NOT NULL,
    session_data text NOT NULL,
    expire_date timestamp with time zone NOT NULL
);


ALTER TABLE public.django_session OWNER TO postgres;

--
-- Data for Name: auth_group; Type: TABLE DATA; Schema: public; Owner: postgres
--

COPY public.auth_group (id, name) FROM stdin;
1	Директор
2	Менеджер
4	Менеджер по кадрам
3	Шеф-повар
\.


--
-- Data for Name: auth_group_permissions; Type: TABLE DATA; Schema: public; Owner: postgres
--

COPY public.auth_group_permissions (id, group_id, permission_id) FROM stdin;
1	1	25
2	1	26
3	1	27
4	1	28
5	1	29
6	1	30
7	1	31
8	1	32
9	1	33
10	1	34
11	1	35
12	1	36
13	1	37
14	1	38
15	1	39
16	1	40
17	1	41
18	1	42
19	1	43
20	1	44
21	1	45
22	1	46
23	1	47
24	1	48
25	1	49
26	1	50
27	1	51
28	1	52
29	1	53
30	1	54
31	1	55
32	1	56
33	1	57
34	1	58
35	1	59
36	1	60
37	1	61
38	1	62
39	1	63
40	1	64
41	1	65
42	1	66
43	1	67
44	1	68
45	1	69
46	1	70
47	1	71
48	1	72
49	1	73
50	1	74
51	1	75
52	1	76
53	1	77
54	1	78
55	1	79
56	1	80
57	1	81
58	1	82
59	1	83
60	1	84
61	1	85
62	1	86
63	1	87
64	1	88
65	1	89
66	1	90
67	1	91
68	1	92
69	1	93
70	1	94
71	1	95
72	1	96
73	1	97
74	1	98
75	1	99
76	1	100
77	1	101
78	1	102
79	1	103
80	1	104
81	1	105
82	1	106
83	1	107
84	1	108
85	1	109
86	1	110
87	1	111
88	1	112
89	1	113
90	1	114
91	1	115
92	1	116
93	1	117
94	1	118
95	1	119
96	1	120
97	1	121
98	1	122
99	1	123
100	1	124
101	2	25
102	2	26
103	2	27
104	2	28
105	2	29
106	2	30
107	2	31
108	2	32
109	2	40
110	2	41
111	2	42
112	2	43
113	2	44
114	2	52
115	2	56
116	2	60
117	2	64
118	2	69
119	2	70
120	2	71
121	2	72
122	2	73
123	2	74
124	2	75
125	2	76
126	2	84
127	2	88
128	2	100
129	2	108
130	2	112
131	2	113
132	2	114
133	2	115
134	2	116
135	2	124
136	3	64
137	3	42
138	3	76
139	3	44
140	3	60
141	3	108
142	3	112
143	3	56
144	3	124
145	4	33
146	4	34
147	4	35
148	4	36
149	4	45
150	4	46
151	4	47
152	4	48
153	4	56
154	4	60
155	4	64
156	4	65
157	4	66
158	4	67
159	4	68
160	4	77
161	4	78
162	4	79
163	4	80
164	4	89
165	4	90
166	4	91
167	4	92
168	4	93
169	4	94
170	4	95
171	4	96
172	4	101
173	4	102
174	4	103
175	4	104
176	4	108
177	4	112
178	4	117
179	4	118
180	4	119
181	4	120
182	3	41
183	3	43
\.


--
-- Data for Name: auth_permission; Type: TABLE DATA; Schema: public; Owner: postgres
--

COPY public.auth_permission (id, name, content_type_id, codename) FROM stdin;
1	Can add log entry	1	add_logentry
2	Can change log entry	1	change_logentry
3	Can delete log entry	1	delete_logentry
4	Can view log entry	1	view_logentry
5	Can add permission	2	add_permission
6	Can change permission	2	change_permission
7	Can delete permission	2	delete_permission
8	Can view permission	2	view_permission
9	Can add group	3	add_group
10	Can change group	3	change_group
11	Can delete group	3	delete_group
12	Can view group	3	view_group
13	Can add user	4	add_user
14	Can change user	4	change_user
15	Can delete user	4	delete_user
16	Can view user	4	view_user
17	Can add content type	5	add_contenttype
18	Can change content type	5	change_contenttype
19	Can delete content type	5	delete_contenttype
20	Can view content type	5	view_contenttype
21	Can add session	6	add_session
22	Can change session	6	change_session
23	Can delete session	6	delete_session
24	Can view session	6	view_session
25	Can add поставка	7	add_delivery
26	Can change поставка	7	change_delivery
27	Can delete поставка	7	delete_delivery
28	Can view поставка	7	view_delivery
29	Can add заявка	8	add_request
30	Can change заявка	8	change_request
31	Can delete заявка	8	delete_request
32	Can view заявка	8	view_request
33	Can add профессия	9	add_profession
34	Can change профессия	9	change_profession
35	Can delete профессия	9	delete_profession
36	Can view профессия	9	view_profession
37	Can add отчёт по реализации	10	add_report
38	Can change отчёт по реализации	10	change_report
39	Can delete отчёт по реализации	10	delete_report
40	Can view отчёт по реализации	10	view_report
41	Can add ингредиент	11	add_ingredient
42	Can change ингредиент	11	change_ingredient
43	Can delete ингредиент	11	delete_ingredient
44	Can view ингредиент	11	view_ingredient
45	Can add запись в трудовой книге	12	add_workbook
46	Can change запись в трудовой книге	12	change_workbook
47	Can delete запись в трудовой книге	12	delete_workbook
48	Can view запись в трудовой книге	12	view_workbook
49	Can add банк	13	add_bank
50	Can change банк	13	change_bank
51	Can delete банк	13	delete_bank
52	Can view банк	13	view_bank
53	Can add единица измерения	14	add_unitofmeasurement
54	Can change единица измерения	14	change_unitofmeasurement
55	Can delete единица измерения	14	delete_unitofmeasurement
56	Can view единица измерения	14	view_unitofmeasurement
57	Can add группа ассортимента	15	add_assortmentgroup
58	Can change группа ассортимента	15	change_assortmentgroup
59	Can delete группа ассортимента	15	delete_assortmentgroup
60	Can view группа ассортимента	15	view_assortmentgroup
61	Can add улица	16	add_street
62	Can change улица	16	change_street
63	Can delete улица	16	delete_street
64	Can view улица	16	view_street
65	Can add место работы	17	add_placeofwork
66	Can change место работы	17	change_placeofwork
67	Can delete место работы	17	delete_placeofwork
68	Can view место работы	17	view_placeofwork
69	Can add продукт в поставке	18	add_deliveryproduct
70	Can change продукт в поставке	18	change_deliveryproduct
71	Can delete продукт в поставке	18	delete_deliveryproduct
72	Can view продукт в поставке	18	view_deliveryproduct
73	Can add блюдо	19	add_dish
74	Can change блюдо	19	change_dish
75	Can delete блюдо	19	delete_dish
76	Can view блюдо	19	view_dish
77	Can add структурное подразделение	20	add_department
78	Can change структурное подразделение	20	change_department
79	Can delete структурное подразделение	20	delete_department
80	Can view структурное подразделение	20	view_department
81	Can add подразделение предприятия	21	add_division
82	Can change подразделение предприятия	21	change_division
83	Can delete подразделение предприятия	21	delete_division
84	Can view подразделение предприятия	21	view_division
85	Can add поставщик	22	add_provider
86	Can change поставщик	22	change_provider
87	Can delete поставщик	22	delete_provider
88	Can view поставщик	22	view_provider
89	Can add должность	23	add_position
90	Can change должность	23	change_position
91	Can delete должность	23	delete_position
92	Can view должность	23	view_position
93	Can add классификация	24	add_classification
94	Can change классификация	24	change_classification
95	Can delete классификация	24	delete_classification
96	Can view классификация	24	view_classification
97	Can add блюдо в отчёте	25	add_reportdish
98	Can change блюдо в отчёте	25	change_reportdish
99	Can delete блюдо в отчёте	25	delete_reportdish
100	Can view блюдо в отчёте	25	view_reportdish
101	Can add специализация	26	add_specialization
102	Can change специализация	26	change_specialization
103	Can delete специализация	26	delete_specialization
104	Can view специализация	26	view_specialization
105	Can add страна	27	add_country
106	Can change страна	27	change_country
107	Can delete страна	27	delete_country
108	Can view страна	27	view_country
109	Can add город	28	add_city
110	Can change город	28	change_city
111	Can delete город	28	delete_city
112	Can view город	28	view_city
113	Can add продукт в заявке	29	add_requestproduct
114	Can change продукт в заявке	29	change_requestproduct
115	Can delete продукт в заявке	29	delete_requestproduct
116	Can view продукт в заявке	29	view_requestproduct
117	Can add работник	30	add_employee
118	Can change работник	30	change_employee
119	Can delete работник	30	delete_employee
120	Can view работник	30	view_employee
121	Can add продукт	31	add_product
122	Can change продукт	31	change_product
123	Can delete продукт	31	delete_product
124	Can view продукт	31	view_product
125	Can add действие пользователя	32	add_actionlog
126	Can change действие пользователя	32	change_actionlog
127	Can delete действие пользователя	32	delete_actionlog
128	Can view действие пользователя	32	view_actionlog
\.


--
-- Data for Name: auth_user; Type: TABLE DATA; Schema: public; Owner: postgres
--

COPY public.auth_user (id, password, last_login, is_superuser, username, first_name, last_name, email, is_staff, is_active, date_joined) FROM stdin;
1	pbkdf2_sha256$600000$Qm0p085rDQMwVRH0N5NwXL$EkEvj8XwCBf84f/lx+4Xmb+zkN9+d2UvlwKm/ZP54pM=	2025-12-14 18:56:48.263355+07	t	admin			ruberlep34@bk.ru	t	t	2025-12-11 19:08:47.793935+07
3	pbkdf2_sha256$600000$GANomQvDQha2Izg6W9UgSV$VXQGhPK/QISTWc3neYxSb+XTsRLfhLYqDRsmnkTTRDg=	2025-12-11 21:14:34.858301+07	f	manager			manager@example.com	f	t	2025-12-11 20:40:22.739644+07
4	pbkdf2_sha256$600000$NT0UGk43oquA9B4HggovRJ$Sn0zxKZTtm4+s+L3ZZupJFucyVOlgr0PYTteiy5wPn8=	2025-12-14 21:02:50.589054+07	f	chef			chef@example.com	f	t	2025-12-11 20:40:23.12549+07
2	pbkdf2_sha256$600000$iyfdxLdSMyzhiAlXj3jwsB$rlNEHnyV/OKbOICYCw4GZcsJzrgtXysWve+JNa1dr8E=	2025-12-14 21:09:41.1502+07	f	director			director@example.com	f	t	2025-12-11 20:38:49.497072+07
5	pbkdf2_sha256$600000$A1Z2OUxUZNy3WLPdHfgyu6$QYw3f1Wb8T16touHZqIx6cBXVrhZ79DAVTfHFKYXWa0=	2025-12-13 18:47:33.80556+07	f	hr_manager			hr@example.com	f	t	2025-12-11 20:40:23.508336+07
\.


--
-- Data for Name: auth_user_groups; Type: TABLE DATA; Schema: public; Owner: postgres
--

COPY public.auth_user_groups (id, user_id, group_id) FROM stdin;
1	2	1
2	3	2
3	4	3
4	5	4
\.


--
-- Data for Name: auth_user_user_permissions; Type: TABLE DATA; Schema: public; Owner: postgres
--

COPY public.auth_user_user_permissions (id, user_id, permission_id) FROM stdin;
\.


--
-- Data for Name: core_actionlog; Type: TABLE DATA; Schema: public; Owner: postgres
--

COPY public.core_actionlog (id, action, object_type, object_id, object_name, ip_address, user_agent, "timestamp", details, user_id) FROM stdin;
1	logout	authentication	\N	Выход из системы	127.0.0.1	Mozilla/5.0 (Macintosh; Intel Mac OS X 10_15_7) AppleWebKit/537.36 (KHTML, like Gecko) Chrome/143.0.0.0 Safari/537.36	2025-12-14 19:18:06.959657+07	Пользователь director вышел из системы	2
2	login	authentication	\N	Вход в систему	127.0.0.1	Mozilla/5.0 (Macintosh; Intel Mac OS X 10_15_7) AppleWebKit/537.36 (KHTML, like Gecko) Chrome/143.0.0.0 Safari/537.36	2025-12-14 19:18:09.148084+07	Пользователь director вошел в систему	2
3	update	Работники	20	Федорова	\N	\N	2025-12-14 19:25:12.397876+07	Изменение записи	2
4	logout	authentication	\N	Выход из системы	127.0.0.1	Mozilla/5.0 (Macintosh; Intel Mac OS X 10_15_7) AppleWebKit/537.36 (KHTML, like Gecko) Chrome/143.0.0.0 Safari/537.36	2025-12-14 19:28:11.54215+07	Пользователь director вышел из системы	2
5	login	authentication	\N	Вход в систему	127.0.0.1	Mozilla/5.0 (Macintosh; Intel Mac OS X 10_15_7) AppleWebKit/537.36 (KHTML, like Gecko) Chrome/143.0.0.0 Safari/537.36	2025-12-14 19:28:13.455432+07	Пользователь director вошел в систему	2
6	logout	authentication	\N	Выход из системы	127.0.0.1	Mozilla/5.0 (Macintosh; Intel Mac OS X 10_15_7) AppleWebKit/537.36 (KHTML, like Gecko) Chrome/143.0.0.0 Safari/537.36	2025-12-14 19:28:18.385784+07	Пользователь director вышел из системы	2
7	login	authentication	\N	Вход в систему	127.0.0.1	Mozilla/5.0 (Macintosh; Intel Mac OS X 10_15_7) AppleWebKit/537.36 (KHTML, like Gecko) Chrome/143.0.0.0 Safari/537.36	2025-12-14 19:28:41.471956+07	Пользователь director вошел в систему	2
8	logout	authentication	\N	Выход из системы	127.0.0.1	Mozilla/5.0 (Macintosh; Intel Mac OS X 10_15_7) AppleWebKit/537.36 (KHTML, like Gecko) Chrome/143.0.0.0 Safari/537.36	2025-12-14 19:29:38.50405+07	Пользователь director вышел из системы	2
9	login	authentication	\N	Вход в систему	127.0.0.1	Mozilla/5.0 (Macintosh; Intel Mac OS X 10_15_7) AppleWebKit/537.36 (KHTML, like Gecko) Chrome/143.0.0.0 Safari/537.36	2025-12-14 19:30:09.805288+07	Пользователь director вошел в систему	2
10	logout	authentication	\N	Выход из системы	127.0.0.1	Mozilla/5.0 (Macintosh; Intel Mac OS X 10_15_7) AppleWebKit/537.36 (KHTML, like Gecko) Chrome/143.0.0.0 Safari/537.36	2025-12-14 19:30:36.293698+07	Пользователь director вышел из системы	2
11	login	authentication	\N	Вход в систему	127.0.0.1	Mozilla/5.0 (Macintosh; Intel Mac OS X 10_15_7) AppleWebKit/537.36 (KHTML, like Gecko) Chrome/143.0.0.0 Safari/537.36	2025-12-14 19:33:54.452592+07	Пользователь director вошел в систему	2
12	logout	authentication	\N	Выход из системы	127.0.0.1	Mozilla/5.0 (Macintosh; Intel Mac OS X 10_15_7) AppleWebKit/537.36 (KHTML, like Gecko) Chrome/143.0.0.0 Safari/537.36	2025-12-14 19:38:36.895846+07	Пользователь director вышел из системы	2
13	login	authentication	\N	Вход в систему	127.0.0.1	Mozilla/5.0 (Macintosh; Intel Mac OS X 10_15_7) AppleWebKit/537.36 (KHTML, like Gecko) Chrome/143.0.0.0 Safari/537.36	2025-12-14 19:38:39.460953+07	Пользователь chef вошел в систему	4
14	logout	authentication	\N	Выход из системы	127.0.0.1	Mozilla/5.0 (Macintosh; Intel Mac OS X 10_15_7) AppleWebKit/537.36 (KHTML, like Gecko) Chrome/143.0.0.0 Safari/537.36	2025-12-14 19:49:45.55094+07	Пользователь chef вышел из системы	4
15	login	authentication	\N	Вход в систему	127.0.0.1	Mozilla/5.0 (Macintosh; Intel Mac OS X 10_15_7) AppleWebKit/537.36 (KHTML, like Gecko) Chrome/143.0.0.0 Safari/537.36	2025-12-14 19:49:48.320695+07	Пользователь director вошел в систему	2
16	logout	authentication	\N	Выход из системы	127.0.0.1	Mozilla/5.0 (Macintosh; Intel Mac OS X 10_15_7) AppleWebKit/537.36 (KHTML, like Gecko) Chrome/143.0.0.0 Safari/537.36	2025-12-14 21:02:47.753519+07	Пользователь director вышел из системы	2
17	login	authentication	\N	Вход в систему	127.0.0.1	Mozilla/5.0 (Macintosh; Intel Mac OS X 10_15_7) AppleWebKit/537.36 (KHTML, like Gecko) Chrome/143.0.0.0 Safari/537.36	2025-12-14 21:02:50.545553+07	Пользователь chef вошел в систему	4
18	logout	authentication	\N	Выход из системы	127.0.0.1	Mozilla/5.0 (Macintosh; Intel Mac OS X 10_15_7) AppleWebKit/537.36 (KHTML, like Gecko) Chrome/143.0.0.0 Safari/537.36	2025-12-14 21:09:34.575411+07	Пользователь chef вышел из системы	4
19	login	authentication	\N	Вход в систему	127.0.0.1	Mozilla/5.0 (Macintosh; Intel Mac OS X 10_15_7) AppleWebKit/537.36 (KHTML, like Gecko) Chrome/143.0.0.0 Safari/537.36	2025-12-14 21:09:41.141135+07	Пользователь director вошел в систему	2
\.


--
-- Data for Name: core_assortmentgroup; Type: TABLE DATA; Schema: public; Owner: postgres
--

COPY public.core_assortmentgroup (id, name) FROM stdin;
1	Супы
2	Салаты
3	Горячие блюда
4	Гарниры
5	Десерты
6	Напитки
7	Закуски
8	Выпечка
9	Соусы
10	Морепродукты
11	Закуски
12	Супы-пюре
13	Гарниры
14	Мясные блюда
15	Рыбные блюда
16	Птица
17	Морепродукты
18	Салаты-закуски
19	Супы-кремы
20	Фаст-фуд
21	Вегетарианское
22	Диетическое
23	Молочные
24	Кондитерские
25	Хлебобулочные
26	Фруктовые
27	Овощные
28	Ягодные
29	Консервированные
30	Маринованные
\.


--
-- Data for Name: core_bank; Type: TABLE DATA; Schema: public; Owner: postgres
--

COPY public.core_bank (id, name, correspondent_account_number, bank_identification_code, taxpayer_identification_number) FROM stdin;
1	Сбербанк	30101810400000000225	044525225	7707083893
2	ВТБ	30101810700000000187	044525187	7736050003
3	Газпромбанк	30101810200000000823	044525823	7744001497
4	Альфа-Банк	30101810200000000593	044525593	7728168971
5	Открытие	30101810900000000204	044525204	7706092528
6	Райффайзен	30101810200000000700	044525700	7744000302
7	Тинькофф	30101810145250000974	044525974	7710140679
8	Промсвязьбанк	30101810600000000856	044525856	7750003663
9	Совкомбанк	30101810400000000819	044525819	6310014091
10	Россельхозбанк	30101810200000000860	044525860	7725114488
11	Сбербанк-2	30101810400000000226	044525226	7707083894
12	ВТБ-2	30101810700000000188	044525188	7736050004
13	Газпромбанк-2	30101810200000000824	044525824	7744001498
14	Альфа-Банк-2	30101810200000000594	044525594	7728168972
15	Открытие-2	30101810900000000205	044525205	7706092529
16	Райффайзен-2	30101810200000000701	044525701	7744000303
17	Тинькофф-2	30101810145250000975	044525975	7710140680
18	Промсвязьбанк-2	30101810600000000857	044525857	7750003664
19	Совкомбанк-2	30101810400000000820	044525820	6310014092
20	Россельхозбанк-2	30101810200000000861	044525861	7725114489
21	Юникредит	30101810200000000862	044525862	7700000001
22	МКБ	30101810200000000863	044525863	7700000002
23	БКС	30101810200000000864	044525864	7700000003
24	Ренессанс	30101810200000000865	044525865	7700000004
25	Банк Москвы	30101810200000000866	044525866	7700000005
26	МДМ	30101810200000000867	044525867	7700000006
27	Росбанк	30101810200000000868	044525868	7700000007
28	Евроазиатский	30101810200000000869	044525869	7700000008
29	Металлинвестбанк	30101810200000000870	044525870	7700000009
30	ФК Открытие	30101810200000000871	044525871	7700000010
\.


--
-- Data for Name: core_city; Type: TABLE DATA; Schema: public; Owner: postgres
--

COPY public.core_city (id, name) FROM stdin;
1	Москва
2	СПб
3	Новосибирск
4	Екатеринбург
5	Казань
6	Н.Новгород
7	Челябинск
8	Самара
9	Омск
10	Ростов-Дон
11	Владивосток
12	Краснодар
13	Красноярск
14	Пермь
15	Воронеж
16	Волгоград
17	Калининград
18	Тюмень
19	Кемерово
20	Рязань
21	Ярославль
22	Томск
23	Оренбург
24	Ульяновск
25	Иркутск
26	Нижневартовск
27	Сочи
28	Петрозаводск
29	Йошкар-Ола
30	Курск
\.


--
-- Data for Name: core_classification; Type: TABLE DATA; Schema: public; Owner: postgres
--

COPY public.core_classification (id, name) FROM stdin;
1	Высшая категория
2	Первая категория
3	Вторая категория
4	Третья категория
5	Специалист
6	Эксперт
7	Мастер
8	Новичок
9	Стажер
10	Волонтер
11	Специалист I категории
12	Специалист II категории
13	Ведущий специалист
14	Главный специалист
15	Руководитель
16	Заместитель
17	Начальник
18	Главный инженер
19	Главный экономист
20	Главный технолог
21	Старший специалист
22	Ведущий инженер
23	Ведущий экономист
24	Главный бухгалтер
25	Главный юрист
26	Главный маркетолог
27	Ведущий программист
28	Главный логист
29	Главный инспектор
30	Главный специалист
\.


--
-- Data for Name: core_country; Type: TABLE DATA; Schema: public; Owner: postgres
--

COPY public.core_country (id, name) FROM stdin;
1	Россия
2	Беларусь
3	Казахстан
4	Украина
5	Германия
6	Франция
7	Италия
8	Испания
9	США
10	Китай
11	Япония
12	Корея
13	Тайланд
14	Вьетнам
15	Индия
16	Швеция
17	Норвегия
18	Финляндия
19	Чехия
20	Польша
21	Австрия
22	Швейцария
23	Нидерланды
24	Бельгия
25	Дания
26	Португалия
27	Греция
28	Турция
29	Израиль
30	Канада
\.


--
-- Data for Name: core_delivery; Type: TABLE DATA; Schema: public; Owner: postgres
--

COPY public.core_delivery (id, date, provider_id) FROM stdin;
1	2025-12-09	1
2	2025-12-07	2
3	2025-12-05	3
4	2025-12-03	4
5	2025-12-01	5
6	2025-11-29	6
7	2025-11-27	7
8	2025-11-25	8
9	2025-11-23	9
10	2025-11-21	10
11	2025-11-22	11
12	2025-11-20	12
13	2025-11-18	13
14	2025-11-16	14
15	2025-11-14	15
16	2025-11-12	16
17	2025-11-10	17
18	2025-11-08	18
19	2025-11-06	19
20	2025-11-04	20
21	2025-11-02	21
22	2025-10-31	22
23	2025-10-29	23
24	2025-10-27	24
25	2025-10-25	25
26	2025-10-23	26
27	2025-10-21	27
28	2025-10-19	28
29	2025-10-17	29
30	2025-10-15	30
31	2025-12-12	6
\.


--
-- Data for Name: core_deliveryproduct; Type: TABLE DATA; Schema: public; Owner: postgres
--

COPY public.core_deliveryproduct (id, quantity, delivery_id, product_id) FROM stdin;
1	20.000	1	1
2	10.000	1	2
3	15.000	2	3
4	5.000	2	4
5	25.000	3	5
6	12.000	3	6
7	18.000	4	7
8	30.000	4	8
9	10.000	5	9
10	8.000	5	10
11	25.000	11	11
12	15.000	11	12
13	20.000	12	13
14	10.000	12	14
15	30.000	13	15
16	5.000	13	16
17	35.000	14	17
18	20.000	14	18
19	15.000	15	19
20	25.000	15	20
21	18.000	16	21
22	22.000	16	22
23	20.000	17	23
24	12.000	17	24
25	15.000	18	25
26	18.000	18	26
27	10.000	19	27
28	20.000	19	28
29	8.000	20	29
30	15.000	20	30
\.


--
-- Data for Name: core_department; Type: TABLE DATA; Schema: public; Owner: postgres
--

COPY public.core_department (id, name) FROM stdin;
1	Производственный отдел
2	Отдел продаж
3	Отдел закупок
4	Финансовый отдел
5	Отдел кадров
6	Технический отдел
7	Юридический отдел
8	IT-отдел
9	Служба безопасности
10	Транспортный отдел
11	Отдел маркетинга
12	Отдел рекламы
13	Отдел контроля качества
14	Служба доставки
15	Служба безопасности
16	Бухгалтерия
17	Отдел кадров
18	ИТ-отдел
19	Юридический отдел
20	Отдел администрирования
21	Финансовый департамент
22	Отдел закупок
23	Отдел логистики
24	Отдел обслуживания
25	Технический отдел
26	Отдел снабжения
27	Отдел упаковки
28	Транспортный отдел
29	Отдел охраны труда
30	Экологический отдел
\.


--
-- Data for Name: core_dish; Type: TABLE DATA; Schema: public; Owner: postgres
--

COPY public.core_dish (id, name, price, output, description, image, assortment_group_id, unit_of_measurement_id) FROM stdin;
1	Борщ	250.00	0.350	Традиционный украинский борщ	\N	1	9
2	Оливье	180.00	0.200	Салат Оливье	\N	2	9
3	Бефстроганов	350.00	0.300	Говядина по-строгановски	\N	3	9
4	Плов	280.00	0.400	Узбекский плов	\N	3	9
5	Цезарь	220.00	0.250	Салат Цезарь	\N	2	9
6	Гречка с грибами	150.00	0.300	Гречка с шампиньонами	\N	4	9
7	Тирамису	200.00	0.150	Итальянский десерт	\N	5	9
8	Суп-лапша	170.00	0.350	Куриный суп с лапшой	\N	1	9
10	Морс клюквенный	100.00	0.250	Напиток из клюквы	\N	6	3
9	Шашлык	400.00	0.350	Свиной шашлык	dishes/shaslik.jpg	3	9
12	Салат из свежих овощей	160.00	0.200	Свежие овощи с заправкой	\N	2	9
13	Свинина жареная	380.00	0.300	Свинина с гарниром	\N	3	9
14	Курица по-китайски	320.00	0.350	Курица с овощами в соусе	\N	3	9
15	Салат Цезарь с креветками	350.00	0.250	Салат с креветками	\N	2	9
16	Картофель по-деревенски	180.00	0.300	Картофель с травами	\N	4	9
17	Пирожные	150.00	0.100	Домашние пирожные	\N	5	9
18	Компот	80.00	0.250	Компот из сухофруктов	\N	6	3
19	Шашлык из баранины	450.00	0.400	Бараний шашлык	\N	3	9
20	Морс из смородины	90.00	0.250	Смородиновый морс	\N	6	3
21	Суп-пюре из тыквы	200.00	0.300	Крем-суп из тыквы	\N	19	9
22	Салат из брокколи	220.00	0.200	Брокколи с сыром	\N	18	9
23	Котлеты рыбные	300.00	0.250	Рыбные котлеты	\N	17	9
24	Салат из редиса	170.00	0.180	Редис с зеленью	\N	2	9
25	Суп с фрикадельками	240.00	0.350	Суп с мясными фрикадельками	\N	1	9
26	Овощи гриль	280.00	0.300	Овощи на гриле	\N	27	9
27	Салат с авокадо	260.00	0.220	Азиатский салат	\N	2	9
28	Суп минестроне	270.00	0.350	Итальянский овощной суп	\N	1	9
29	Салат из бурятского щавеля	210.00	0.200	Салат с йогуртовой заправкой	\N	2	9
30	Суп с кукурузой	220.00	0.300	Крем-суп из кукурузы	\N	19	9
11	Щи	235.00	0.350	Щи из квашеной капусты	dishes/Без_названия_3.jpeg	1	9
\.


--
-- Data for Name: core_dish_ingredients; Type: TABLE DATA; Schema: public; Owner: postgres
--

COPY public.core_dish_ingredients (id, dish_id, ingredient_id) FROM stdin;
1	1	1
2	1	2
3	1	3
4	1	4
5	2	1
6	2	2
7	2	9
8	3	4
9	3	3
10	4	4
11	4	6
12	5	5
13	5	9
14	5	10
15	6	7
16	6	3
17	8	5
18	8	3
19	9	4
20	9	3
21	11	11
22	11	3
23	11	4
24	12	14
25	12	15
26	12	22
27	13	4
28	13	1
29	13	3
30	14	5
31	14	15
32	14	24
33	15	5
34	15	15
35	15	10
36	16	1
37	16	22
38	16	23
39	18	1
40	18	2
41	19	4
42	19	14
43	20	1
44	20	2
45	21	18
46	21	1
47	22	13
48	22	26
49	23	4
50	23	26
51	24	19
52	24	22
53	25	4
54	25	1
55	25	2
56	26	14
57	26	15
58	26	17
59	27	10
60	27	29
61	28	1
62	28	13
63	28	14
64	29	27
65	29	22
66	30	1
67	30	2
68	11	22
\.


--
-- Data for Name: core_division; Type: TABLE DATA; Schema: public; Owner: postgres
--

COPY public.core_division (id, name) FROM stdin;
1	Кухня
2	Бар
3	Зал
4	Склад
5	Администрация
6	Бухгалтерия
7	Маркетинг
8	Логистика
9	Обслуживание
10	Охрана
11	Маркетинг
12	Реклама
13	Контроль качества
14	Сервис
15	Доставка
16	Охрана
17	Бухгалтерия
18	Кадры
19	ИТ-отдел
20	Юристы
21	Администрация
22	Финансы
23	Закупки
24	Снабжение
25	Техобслуживание
26	Логистика
27	Упаковка
28	Транспорт
29	Охрана труда
30	Экология
\.


--
-- Data for Name: core_employee; Type: TABLE DATA; Schema: public; Owner: postgres
--

COPY public.core_employee (id, first_name, last_name, middle_name, birthday_date, house_number, work_experience, gender, city_id, country_id, position_id, street_id) FROM stdin;
1	Иван	Иванов	Иванович	1980-01-14	10	10 лет	Мужской	1	1	7	1
2	Петр	Петров	Петрович	1985-03-21	11	8 лет	Мужской	1	1	2	2
3	Анна	Сидорова	Александровна	1990-05-09	12	5 лет	Женский	2	1	7	3
4	Мария	Кузнецова	Сергеевна	1992-07-17	13	4 года	Женский	3	1	4	4
5	Дмитрий	Смирнов	Алексеевич	1978-11-29	14	15 лет	Мужской	4	1	6	5
6	Екатерина	Попова	Дмитриевна	1988-09-04	15	7 лет	Женский	5	1	8	6
7	Сергей	Васильев	Игоревич	1983-04-11	16	9 лет	Мужской	6	1	3	7
8	Ольга	Новикова	Владимировна	1995-02-27	17	2 года	Женский	7	1	9	8
9	Алексей	Федоров	Павлович	1975-12-07	18	20 лет	Мужской	8	1	1	9
10	Наталья	Морозова	Викторовна	1991-06-24	19	6 лет	Женский	9	1	10	10
11	Артур	Соколов	Дмитриевич	1982-08-14	20	8 лет	Мужской	11	1	11	11
12	Виктория	Лебедева	Сергеевна	1991-04-21	21	6 лет	Женский	12	1	12	12
13	Геннадий	Волков	Петрович	1979-10-09	22	12 лет	Мужской	13	1	13	13
14	Дарья	Зайцева	Андреевна	1993-01-27	23	4 года	Женский	14	1	14	14
15	Евгений	Тарасов	Владимирович	1984-06-14	24	10 лет	Мужской	15	1	15	15
16	Жанна	Морозова	Александровна	1989-09-02	25	7 лет	Женский	16	1	16	16
17	Захар	Алексеев	Иванович	1981-12-11	26	11 лет	Мужской	17	1	17	17
18	Инна	Лазарева	Дмитриевна	1994-03-07	27	3 года	Женский	18	1	18	18
19	Кирилл	Белов	Сергеевич	1977-07-24	28	16 лет	Мужской	19	1	19	19
21	Марат	Комаров	Викторович	1983-05-04	30	10 лет	Мужской	21	1	21	21
22	Наталья	Иванова	Григорьевна	1990-02-13	31	6 лет	Женский	22	1	22	22
23	Олег	Герасимов	Евгеньевич	1985-08-29	32	8 лет	Мужской	23	1	23	23
24	Полина	Попова	Михайловна	1992-12-19	33	5 лет	Женский	24	1	24	24
25	Роман	Кузнецов	Денисович	1980-04-08	34	13 лет	Мужской	25	1	25	25
26	Светлана	Семенова	Игоревна	1987-09-15	35	8 лет	Женский	26	1	26	26
27	Тимур	Михайлов	Алексеевич	1988-01-22	36	7 лет	Мужской	27	1	27	27
28	Ульяна	Волкова	Борисовна	1995-06-10	37	2 года	Женский	28	1	28	28
29	Федор	Андреев	Владиславович	1976-10-27	38	17 лет	Мужской	29	1	29	29
30	Христина	Сорокина	Евгеньевна	1989-03-16	39	7 лет	Женский	30	1	30	30
20	Лариса	Федорова	Антоновна	2001-11-12	29	9 лет	Женский	20	1	20	20
\.


--
-- Data for Name: core_ingredient; Type: TABLE DATA; Schema: public; Owner: postgres
--

COPY public.core_ingredient (id, name, gross_weight, net_weight) FROM stdin;
1	Картофель	1.000	0.800
2	Морковь	0.500	0.400
3	Лук репчатый	0.300	0.250
4	Говядина	0.800	0.600
5	Курица	0.700	0.550
6	Рис	0.400	0.400
7	Гречка	0.350	0.350
8	Макароны	0.450	0.450
9	Огурцы	0.200	0.180
10	Помидоры	0.250	0.220
11	Капуста белокочанная	0.500	0.450
12	Капуста цветная	0.400	0.350
13	Капуста брокколи	0.400	0.350
14	Баклажаны	0.600	0.500
15	Перец болгарский	0.300	0.250
16	Перец чили	0.050	0.040
17	Кабачки	0.800	0.700
18	Тыква	1.000	0.900
19	Редька	0.200	0.180
20	Редис	0.150	0.130
21	Сельдерей	0.100	0.090
22	Петрушка	0.050	0.040
23	Укроп	0.050	0.040
24	Базилик	0.030	0.025
25	Мята	0.030	0.025
26	Шпинат	0.200	0.180
27	Щавель	0.200	0.180
28	Листья салата	0.150	0.130
29	Кинза	0.040	0.035
30	Кориандр	0.040	0.035
\.


--
-- Data for Name: core_placeofwork; Type: TABLE DATA; Schema: public; Owner: postgres
--

COPY public.core_placeofwork (id, name, city_id, country_id, street_id) FROM stdin;
1	Основной ресторан	1	1	1
2	Филиал на Пушкина	1	1	2
3	Кафе в ТЦ	2	1	3
4	Столовая в офисе	3	1	4
5	Банкетный зал	4	1	5
6	Летняя веранда	5	1	6
7	Корпоративная кухня	6	1	7
8	Доставка	7	1	8
9	Производство	8	1	9
10	Склад	9	1	10
11	Филиал в Новосибирске	3	1	11
12	Кафе "Уютное"	4	1	12
13	Ресторан "Гурман"	5	1	13
14	Столовая №2	6	1	14
15	Кафе "Кулинария"	7	1	15
16	Ресторан "Сад"	8	1	16
17	Кафе "Пирожное"	9	1	17
18	Банкетный зал "Роза"	10	1	18
19	Кафе "Пляж"	11	1	19
20	Ресторан "Сезон"	12	1	20
21	Кафе "Солнце"	13	1	21
22	Ресторан "Восток"	14	1	22
23	Кафе "Запад"	15	1	23
24	Ресторан "Север"	16	1	24
25	Кафе "Юг"	17	1	25
26	Ресторан "Луна"	18	1	26
27	Кафе "Солнце"	19	1	27
28	Ресторан "Марс"	20	1	28
29	Кафе "Венера"	21	1	29
30	Ресторан "Юпитер"	22	1	30
\.


--
-- Data for Name: core_position; Type: TABLE DATA; Schema: public; Owner: postgres
--

COPY public.core_position (id, name, code) FROM stdin;
1	Шеф-повар	12345
2	Повар	12346
3	Су-шеф	12347
4	Повар-кондитер	12348
5	Повар холодного цеха	12349
6	Бармен	12350
7	Официант	12351
8	Менеджер зала	12352
9	Администратор	12353
10	Уборщик	12354
11	Маркетолог	12355
12	Рекламщик	12356
13	Контролер	12357
14	Курьер	12358
15	Охранник	12359
16	Главбух	12360
17	HR-менеджер	12361
18	Программист	12362
19	Юрист	12363
20	Администратор	12364
21	Финансист	12365
22	Закупщик	12366
23	Логист	12367
24	Сервис-менеджер	12368
25	Инженер	12369
26	Снабженец	12370
27	Упаковщик	12371
28	Водитель	12372
29	Инспектор	12373
30	Эколог	12374
\.


--
-- Data for Name: core_product; Type: TABLE DATA; Schema: public; Owner: postgres
--

COPY public.core_product (id, name, price_premium, remaining_stock, purchase_price, provider_id, unit_of_measurement_id) FROM stdin;
1	Картофель свежий	15.00	100.000	50.00	1	1
2	Морковь отборная	20.00	80.000	60.00	2	1
3	Лук репчатый	18.00	120.000	40.00	3	1
4	Говядина вырезка	25.00	50.000	300.00	4	1
5	Курица филе	22.00	70.000	200.00	5	1
6	Рис длиннозерный	15.00	150.000	80.00	6	1
7	Гречка ядрица	16.00	100.000	70.00	7	1
8	Макароны	14.00	200.000	60.00	8	1
9	Огурцы свежие	20.00	60.000	90.00	9	1
10	Помидоры	22.00	70.000	100.00	10	1
11	Капуста белокочанная	12.00	90.000	45.00	11	1
12	Капуста цветная	18.00	60.000	80.00	12	1
13	Капуста брокколи	25.00	40.000	120.00	13	1
14	Баклажаны	20.00	70.000	90.00	14	1
15	Перец болгарский	22.00	80.000	110.00	15	1
16	Перец чили	24.00	20.000	150.00	16	1
17	Кабачки	15.00	100.000	60.00	17	1
18	Тыква	14.00	85.000	55.00	18	1
19	Редька	16.00	30.000	70.00	19	1
20	Редис	18.00	120.000	85.00	20	1
21	Сельдерей	20.00	50.000	95.00	21	1
22	Петрушка	19.00	65.000	88.00	22	1
23	Укроп	17.00	75.000	82.00	23	1
24	Базилик	25.00	25.000	130.00	24	1
25	Мята	23.00	35.000	115.00	25	1
26	Шпинат	22.00	45.000	105.00	26	1
27	Щавель	21.00	40.000	100.00	27	1
28	Листья салата	19.00	55.000	90.00	28	1
29	Кинза	24.00	30.000	120.00	29	1
30	Кориандр	23.00	35.000	115.00	30	1
\.


--
-- Data for Name: core_profession; Type: TABLE DATA; Schema: public; Owner: postgres
--

COPY public.core_profession (id, name) FROM stdin;
1	Повар
2	Официант
3	Бармен
4	Менеджер
5	Бухгалтер
6	Администратор
7	Шеф-повар
8	Су-шеф
9	Помощник повара
10	Уборщик
11	Маркетолог
12	Рекламщик
13	Контролер качества
14	Курьер
15	Охранник
16	Главбух
17	Кадровик
18	Программист
19	Юрист
20	Администратор
21	Финансист
22	Закупщик
23	Логист
24	Сервис-менеджер
25	Инженер
26	Снабженец
27	Упаковщик
28	Водитель
29	Инспектор ОТ
30	Эколог
\.


--
-- Data for Name: core_provider; Type: TABLE DATA; Schema: public; Owner: postgres
--

COPY public.core_provider (id, name, code, abbreviation, account_number, director_first_name, director_last_name, director_phone, house_number, bank_id, city_id, country_id, street_id) FROM stdin;
1	Поставщик 1	12345001	ООО	40702810100000000001	Иван	Иванов	+79991234501	10	1	1	1	1
2	Поставщик 2	12345002	АО	40702810100000000002	Петр	Петров	+79991234502	11	2	2	1	2
3	Поставщик 3	12345003	ИП	40702810100000000003	Алексей	Сидоров	+79991234503	12	3	3	1	3
4	Поставщик 4	12345004	ПАО	40702810100000000004	Сергей	Кузнецов	+79991234504	13	4	4	1	4
5	Поставщик 5	12345005	ООО	40702810100000000005	Дмитрий	Смирнов	+79991234505	14	5	5	1	5
6	Поставщик 6	12345006	АО	40702810100000000006	Иван	Петров	+79991234506	15	6	6	1	6
7	Поставщик 7	12345007	ИП	40702810100000000007	Петр	Сидоров	+79991234507	16	7	7	1	7
8	Поставщик 8	12345008	ПАО	40702810100000000008	Алексей	Кузнецов	+79991234508	17	8	8	1	8
9	Поставщик 9	12345009	ООО	40702810100000000009	Сергей	Смирнов	+79991234509	18	9	9	1	9
10	Поставщик 10	12345010	АО	40702810100000000010	Дмитрий	Иванов	+79991234510	19	10	10	1	10
11	Поставщик 11	12345011	ООО	40702810100000000011	Михаил	Волков	+79991234511	20	11	11	2	11
12	Поставщик 12	12345012	АО	40702810100000000012	Владимир	Медведев	+79991234512	21	12	12	3	12
13	Поставщик 13	12345013	ИП	40702810100000000013	Андрей	Козлов	+79991234513	22	13	13	4	13
14	Поставщик 14	12345014	ПАО	40702810100000000014	Антон	Коваленко	+79991234514	23	14	14	5	14
15	Поставщик 15	12345015	ООО	40702810100000000015	Евгений	Морозов	+79991234515	24	15	15	6	15
16	Поставщик 16	12345016	АО	40702810100000000016	Виктор	Петренко	+79991234516	25	16	16	7	16
17	Поставщик 17	12345017	ИП	40702810100000000017	Александр	Кузьмин	+79991234517	26	17	17	8	17
18	Поставщик 18	12345018	ПАО	40702810100000000018	Роман	Власов	+79991234518	27	18	18	9	18
19	Поставщик 19	12345019	ООО	40702810100000000019	Константин	Ермаков	+79991234519	28	19	19	10	19
20	Поставщик 20	12345020	АО	40702810100000000020	Григорий	Давыдов	+79991234520	29	20	20	1	20
21	Поставщик 21	12345021	ООО	40702810100000000021	Валерий	Матвеев	+79991234521	30	21	21	2	21
22	Поставщик 22	12345022	АО	40702810100000000022	Артем	Беляев	+79991234522	31	22	22	3	22
23	Поставщик 23	12345023	ИП	40702810100000000023	Павел	Громов	+79991234523	32	23	23	4	23
24	Поставщик 24	12345024	ПАО	40702810100000000024	Илья	Кудрявцев	+79991234524	33	24	24	5	24
25	Поставщик 25	12345025	ООО	40702810100000000025	Максим	Борисов	+79991234525	34	25	25	6	25
26	Поставщик 26	12345026	АО	40702810100000000026	Олег	Калинин	+79991234526	35	26	26	7	26
27	Поставщик 27	12345027	ИП	40702810100000000027	Никита	Савельев	+79991234527	36	27	27	8	27
28	Поставщик 28	12345028	ПАО	40702810100000000028	Тимофей	Семенов	+79991234528	37	28	28	9	28
29	Поставщик 29	12345029	ООО	40702810100000000029	Федор	Горбунов	+79991234529	38	29	29	10	29
30	Поставщик 30	12345030	АО	40702810100000000030	Ярослав	Кулаков	+79991234530	39	30	30	1	30
\.


--
-- Data for Name: core_report; Type: TABLE DATA; Schema: public; Owner: postgres
--

COPY public.core_report (id, date) FROM stdin;
1	2025-12-08
2	2025-12-05
3	2025-12-02
4	2025-11-29
5	2025-11-26
6	2025-11-23
7	2025-11-20
8	2025-11-17
9	2025-11-14
10	2025-11-11
11	2025-11-11
12	2025-11-08
13	2025-11-05
14	2025-11-02
15	2025-10-30
16	2025-10-27
17	2025-10-24
18	2025-10-21
19	2025-10-18
20	2025-10-15
21	2025-10-12
22	2025-10-09
23	2025-10-06
24	2025-10-03
25	2025-09-30
26	2025-09-27
27	2025-09-24
28	2025-09-21
29	2025-09-18
30	2025-09-15
\.


--
-- Data for Name: core_reportdish; Type: TABLE DATA; Schema: public; Owner: postgres
--

COPY public.core_reportdish (id, quantity, dish_id, report_id) FROM stdin;
1	5.000	1	1
2	8.000	2	1
3	3.000	3	2
4	6.000	4	2
5	10.000	5	3
6	7.000	6	3
7	4.000	7	4
8	9.000	8	4
9	2.000	9	5
10	15.000	10	5
11	6.000	11	11
12	7.000	12	11
13	4.000	13	12
14	5.000	14	12
15	8.000	15	13
16	6.000	16	13
17	3.000	17	14
18	10.000	18	14
19	2.000	19	15
20	12.000	20	15
21	4.000	21	16
22	6.000	22	16
23	3.000	23	17
24	7.000	24	17
25	5.000	25	18
26	4.000	26	18
27	5.000	27	19
28	6.000	28	19
29	3.000	29	20
30	5.000	30	20
\.


--
-- Data for Name: core_request; Type: TABLE DATA; Schema: public; Owner: postgres
--

COPY public.core_request (id, date, division_id) FROM stdin;
1	2025-12-10	1
2	2025-12-09	2
3	2025-12-08	3
4	2025-12-07	4
5	2025-12-06	5
6	2025-12-05	6
7	2025-12-04	7
8	2025-12-03	8
9	2025-12-02	9
10	2025-12-01	10
11	2025-12-03	11
12	2025-12-02	12
13	2025-12-01	13
14	2025-11-30	14
15	2025-11-29	15
16	2025-11-28	16
17	2025-11-27	17
18	2025-11-26	18
19	2025-11-25	19
20	2025-11-24	20
21	2025-11-23	21
22	2025-11-22	22
23	2025-11-21	23
24	2025-11-20	24
25	2025-11-19	25
26	2025-11-18	26
27	2025-11-17	27
28	2025-11-16	28
29	2025-11-15	29
30	2025-11-14	30
\.


--
-- Data for Name: core_requestproduct; Type: TABLE DATA; Schema: public; Owner: postgres
--

COPY public.core_requestproduct (id, quantity, product_id, request_id) FROM stdin;
1	10.000	1	1
2	5.000	2	1
3	8.000	3	2
4	3.000	4	2
5	12.000	5	3
6	7.000	6	3
7	9.000	7	4
8	15.000	8	4
9	6.000	9	5
10	4.000	10	5
11	5.000	11	11
12	3.000	12	11
13	4.000	13	12
14	2.000	14	12
15	6.000	15	13
16	1.000	16	13
17	8.000	17	14
18	5.000	18	14
19	3.000	19	15
20	7.000	20	15
21	4.000	21	16
22	6.000	22	16
23	5.000	23	17
24	2.000	24	17
25	3.000	25	18
26	4.000	26	18
27	2.000	27	19
28	5.000	28	19
29	1.000	29	20
30	3.000	30	20
\.


--
-- Data for Name: core_specialization; Type: TABLE DATA; Schema: public; Owner: postgres
--

COPY public.core_specialization (id, name) FROM stdin;
1	Холодный цех
2	Горячий цех
3	Мучной цех
4	Кондитерский цех
5	Барная стойка
6	Касса
7	Склад
8	Доставка
9	Обслуживание
10	Контроль качества
11	Маркетинг
12	Реклама
13	Контроль
14	Доставка
15	Безопасность
16	Бухгалтерия
17	HR
18	Разработка
19	Право
20	Управление
21	Финансы
22	Закупки
23	Логистика
24	Обслуживание
25	Техника
26	Снабжение
27	Упаковка
28	Транспорт
29	Охрана труда
30	Экология
\.


--
-- Data for Name: core_street; Type: TABLE DATA; Schema: public; Owner: postgres
--

COPY public.core_street (id, name) FROM stdin;
1	Ленина
2	Пушкина
3	Гагарина
4	Советская
5	Мира
6	Центральная
7	Молодежная
8	Школьная
9	Садовая
10	Лесная
11	Парковая
12	Комсомольская
13	Кирова
14	Колхозная
15	Полевая
16	Пролетарская
17	Октябрьская
18	Красная
19	Заводская
20	Шоссейная
21	Речная
22	Вокзальная
23	Береговая
24	Московская
25	Луговая
26	Почтовая
27	Железнодорожная
28	Рабочая
29	Театральная
30	Пионерская
31	Геодезическая
\.


--
-- Data for Name: core_unitofmeasurement; Type: TABLE DATA; Schema: public; Owner: postgres
--

COPY public.core_unitofmeasurement (id, name) FROM stdin;
1	кг
2	г
3	л
4	мл
5	шт
6	уп
7	банк
8	пач
9	бут
10	порц
11	т
12	м
13	см
14	мм
15	м²
16	м³
17	т
18	ц
19	мг
20	кг
21	дл
22	кл
23	дц
24	мкг
25	нг
26	пг
27	млн
28	тыс
29	ед
30	кг
\.


--
-- Data for Name: core_workbook; Type: TABLE DATA; Schema: public; Owner: postgres
--

COPY public.core_workbook (id, event_date, reason_for_dismissal, event_type, number, document_type, classification_id, department_id, employee_id, place_of_work_id, profession_id, specialization_id) FROM stdin;
1	2010-01-14	\N	Прием	ТК-000001	Трудовая книжка	1	1	1	1	7	2
2	2012-03-21	\N	Прием	ТК-000002	Трудовая книжка	2	1	2	1	1	2
3	2015-05-09	\N	Прием	ТК-000003	Трудовая книжка	1	1	3	1	7	2
4	2016-07-17	\N	Прием	ТК-000004	Трудовая книжка	3	1	4	1	4	4
5	2005-11-29	\N	Прием	ТК-000005	Трудовая книжка	1	1	5	1	6	6
6	2013-09-04	\N	Прием	ТК-000006	Трудовая книжка	2	1	6	1	8	5
7	2011-04-11	\N	Прием	ТК-000007	Трудовая книжка	1	1	7	1	3	2
8	2018-02-27	\N	Прием	ТК-000008	Трудовая книжка	4	1	8	1	9	9
9	2000-12-07	\N	Прием	ТК-000009	Трудовая книжка	1	1	9	1	1	2
10	2014-06-24	\N	Прием	ТК-000010	Трудовая книжка	3	1	10	1	10	9
11	2012-08-14	\N	Прием	ТК-000011	Трудовая книжка	11	11	11	11	11	11
12	2014-04-21	\N	Прием	ТК-000012	Трудовая книжка	12	12	12	12	12	12
13	2005-10-09	\N	Прием	ТК-000013	Трудовая книжка	13	13	13	13	13	13
14	2016-01-27	\N	Прием	ТК-000014	Трудовая книжка	14	14	14	14	14	14
15	2011-06-14	\N	Прием	ТК-000015	Трудовая книжка	15	15	15	15	15	15
16	2013-09-02	\N	Прием	ТК-000016	Трудовая книжка	16	16	16	16	16	16
17	2007-12-11	\N	Прием	ТК-000017	Трудовая книжка	17	17	17	17	17	17
18	2018-03-07	\N	Прием	ТК-000018	Трудовая книжка	18	18	18	18	18	18
19	2002-07-24	\N	Прием	ТК-000019	Трудовая книжка	19	19	19	19	19	19
20	2010-11-17	\N	Прием	ТК-000020	Трудовая книжка	20	20	20	20	20	20
21	2013-05-04	\N	Прием	ТК-000021	Трудовая книжка	21	21	21	21	21	21
22	2014-02-13	\N	Прием	ТК-000022	Трудовая книжка	22	22	22	22	22	22
23	2012-08-29	\N	Прием	ТК-000023	Трудовая книжка	23	23	23	23	23	23
24	2015-12-19	\N	Прием	ТК-000024	Трудовая книжка	24	24	24	24	24	24
25	2009-04-08	\N	Прием	ТК-000025	Трудовая книжка	25	25	25	25	25	25
26	2011-09-15	\N	Прием	ТК-000026	Трудовая книжка	26	26	26	26	26	26
27	2012-01-22	\N	Прием	ТК-000027	Трудовая книжка	27	27	27	27	27	27
28	2019-06-10	\N	Прием	ТК-000028	Трудовая книжка	28	28	28	28	28	28
29	2001-10-27	\N	Прием	ТК-000029	Трудовая книжка	29	29	29	29	29	29
30	2013-03-16	\N	Прием	ТК-000030	Трудовая книжка	30	30	30	30	30	30
\.


--
-- Data for Name: django_admin_log; Type: TABLE DATA; Schema: public; Owner: postgres
--

COPY public.django_admin_log (id, action_time, object_id, object_repr, action_flag, change_message, content_type_id, user_id) FROM stdin;
1	2025-12-11 19:10:19.23813+07	1	кг	1	[{"added": {}}]	14	1
2	2025-12-11 19:10:21.285738+07	2	г	1	[{"added": {}}]	14	1
3	2025-12-11 19:10:22.965231+07	3	л	1	[{"added": {}}]	14	1
4	2025-12-11 19:10:25.644504+07	4	мл	1	[{"added": {}}]	14	1
5	2025-12-11 19:10:28.136149+07	5	шт	1	[{"added": {}}]	14	1
6	2025-12-11 19:10:44.329293+07	1	лук	1	[{"added": {}}]	11	1
7	2025-12-11 19:10:48.81878+07	2	перец	1	[{"added": {}}]	11	1
8	2025-12-11 19:10:53.429337+07	3	соль	1	[{"added": {}}]	11	1
9	2025-12-11 19:10:59.091777+07	4	курица	1	[{"added": {}}]	11	1
10	2025-12-11 19:11:13.84537+07	1	Второе	1	[{"added": {}}]	15	1
11	2025-12-11 19:11:54.208928+07	2	Суп	1	[{"added": {}}]	15	1
12	2025-12-11 19:11:59.5369+07	3	Десерт	1	[{"added": {}}]	15	1
13	2025-12-11 19:12:03.258298+07	4	Напиток	1	[{"added": {}}]	15	1
14	2025-12-13 15:28:10.886431+07	3	Шеф-повар	2	[{"changed": {"fields": ["Permissions"]}}]	3	1
15	2025-12-13 15:29:55.763586+07	9	Шашлык	2	[{"changed": {"fields": ["\\u0424\\u043e\\u0442\\u043e"]}}]	19	1
\.


--
-- Data for Name: django_content_type; Type: TABLE DATA; Schema: public; Owner: postgres
--

COPY public.django_content_type (id, app_label, model) FROM stdin;
1	admin	logentry
2	auth	permission
3	auth	group
4	auth	user
5	contenttypes	contenttype
6	sessions	session
7	core	delivery
8	core	request
9	core	profession
10	core	report
11	core	ingredient
12	core	workbook
13	core	bank
14	core	unitofmeasurement
15	core	assortmentgroup
16	core	street
17	core	placeofwork
18	core	deliveryproduct
19	core	dish
20	core	department
21	core	division
22	core	provider
23	core	position
24	core	classification
25	core	reportdish
26	core	specialization
27	core	country
28	core	city
29	core	requestproduct
30	core	employee
31	core	product
32	core	actionlog
\.


--
-- Data for Name: django_migrations; Type: TABLE DATA; Schema: public; Owner: postgres
--

COPY public.django_migrations (id, app, name, applied) FROM stdin;
1	contenttypes	0001_initial	2025-12-11 18:42:19.743844+07
2	auth	0001_initial	2025-12-11 18:42:19.982321+07
3	admin	0001_initial	2025-12-11 18:42:20.02691+07
4	admin	0002_logentry_remove_auto_add	2025-12-11 18:42:20.039919+07
5	admin	0003_logentry_add_action_flag_choices	2025-12-11 18:42:20.045706+07
6	contenttypes	0002_remove_content_type_name	2025-12-11 18:42:20.077514+07
7	auth	0002_alter_permission_name_max_length	2025-12-11 18:42:20.093216+07
8	auth	0003_alter_user_email_max_length	2025-12-11 18:42:20.093216+07
9	auth	0004_alter_user_username_opts	2025-12-11 18:42:20.114985+07
10	auth	0005_alter_user_last_login_null	2025-12-11 18:42:20.124816+07
11	auth	0006_require_contenttypes_0002	2025-12-11 18:42:20.124816+07
12	auth	0007_alter_validators_add_error_messages	2025-12-11 18:42:20.140961+07
13	auth	0008_alter_user_username_max_length	2025-12-11 18:42:20.156942+07
14	auth	0009_alter_user_last_name_max_length	2025-12-11 18:42:20.172635+07
15	auth	0010_alter_group_name_max_length	2025-12-11 18:42:20.188745+07
16	auth	0011_update_proxy_permissions	2025-12-11 18:42:20.197817+07
17	auth	0012_alter_user_first_name_max_length	2025-12-11 18:42:20.208665+07
18	sessions	0001_initial	2025-12-11 18:42:20.236354+07
19	core	0001_initial	2025-12-11 18:49:30.032741+07
20	core	0002_alter_delivery_date_alter_employee_birthday_date_and_more	2025-12-14 15:15:40.830911+07
21	core	0003_actionlog	2025-12-14 19:17:53.391851+07
\.


--
-- Data for Name: django_session; Type: TABLE DATA; Schema: public; Owner: postgres
--

COPY public.django_session (session_key, session_data, expire_date) FROM stdin;
ild2b3o5aa93xd6rljq0uoxkhgesm6xh	.eJxVjMsOwiAQRf-FtSHIa8Cl-34DgRmQqoGktCvjv2uTLnR7zzn3xULc1hq2kZcwE7swyU6_W4r4yG0HdI_t1jn2ti5z4rvCDzr41Ck_r4f7d1DjqN8ajS5FKkPZgEroEwpwkZQuCt3ZkdUWrAPKXqDXyUtEg4AggJRzRrH3B-7zN8c:1vUOYR:uIk-K3dO_l2x-Ryl31c9FnbOe_y2CEJ5rp0wf3Ycsuc	2025-12-27 19:16:55.258138+07
17ddepizth9yynck5r4absu2a66gu4wy	.eJxVjMsOwiAQRf-FtSHIa8Cl-34DgRmQqoGktCvjv2uTLnR7zzn3xULc1hq2kZcwE7swyU6_W4r4yG0HdI_t1jn2ti5z4rvCDzr41Ck_r4f7d1DjqN8ajS5FKkPZgEroEwpwkZQuCt3ZkdUWrAPKXqDXyUtEg4AggJRzRrH3B-7zN8c:1vUOYR:uIk-K3dO_l2x-Ryl31c9FnbOe_y2CEJ5rp0wf3Ycsuc	2025-12-27 19:16:55.648422+07
e74elohg3pg2vizwix1db861kqekp0t2	.eJxVjEsKwjAUAO-StYQ0f1269wzlfRJTlQSadiXeXQJd6HZmmLeYYd_KvPe0zguLi9Di9MsQ6JnqEPyAem-SWt3WBeVI5GG7vDVOr-vR_g0K9DK2-hxVttYEZ4w3rJAjWXAYgHwKE4dso8-KCAHBog9aOwXg0gTEGsXnC9ToOEg:1vUmn7:P5xeHWrFL22L6ygyz6_HY4FKKnS5RHaMFN7yIoT5i68	2025-12-28 21:09:41.158847+07
\.


--
-- Name: auth_group_id_seq; Type: SEQUENCE SET; Schema: public; Owner: postgres
--

SELECT pg_catalog.setval('public.auth_group_id_seq', 4, true);


--
-- Name: auth_group_permissions_id_seq; Type: SEQUENCE SET; Schema: public; Owner: postgres
--

SELECT pg_catalog.setval('public.auth_group_permissions_id_seq', 183, true);


--
-- Name: auth_permission_id_seq; Type: SEQUENCE SET; Schema: public; Owner: postgres
--

SELECT pg_catalog.setval('public.auth_permission_id_seq', 128, true);


--
-- Name: auth_user_groups_id_seq; Type: SEQUENCE SET; Schema: public; Owner: postgres
--

SELECT pg_catalog.setval('public.auth_user_groups_id_seq', 4, true);


--
-- Name: auth_user_id_seq; Type: SEQUENCE SET; Schema: public; Owner: postgres
--

SELECT pg_catalog.setval('public.auth_user_id_seq', 5, true);


--
-- Name: auth_user_user_permissions_id_seq; Type: SEQUENCE SET; Schema: public; Owner: postgres
--

SELECT pg_catalog.setval('public.auth_user_user_permissions_id_seq', 1, false);


--
-- Name: core_actionlog_id_seq; Type: SEQUENCE SET; Schema: public; Owner: postgres
--

SELECT pg_catalog.setval('public.core_actionlog_id_seq', 19, true);


--
-- Name: core_assortmentgroup_id_seq; Type: SEQUENCE SET; Schema: public; Owner: postgres
--

SELECT pg_catalog.setval('public.core_assortmentgroup_id_seq', 30, true);


--
-- Name: core_bank_id_seq; Type: SEQUENCE SET; Schema: public; Owner: postgres
--

SELECT pg_catalog.setval('public.core_bank_id_seq', 30, true);


--
-- Name: core_city_id_seq; Type: SEQUENCE SET; Schema: public; Owner: postgres
--

SELECT pg_catalog.setval('public.core_city_id_seq', 30, true);


--
-- Name: core_classification_id_seq; Type: SEQUENCE SET; Schema: public; Owner: postgres
--

SELECT pg_catalog.setval('public.core_classification_id_seq', 30, true);


--
-- Name: core_country_id_seq; Type: SEQUENCE SET; Schema: public; Owner: postgres
--

SELECT pg_catalog.setval('public.core_country_id_seq', 30, true);


--
-- Name: core_delivery_id_seq; Type: SEQUENCE SET; Schema: public; Owner: postgres
--

SELECT pg_catalog.setval('public.core_delivery_id_seq', 31, true);


--
-- Name: core_deliveryproduct_id_seq; Type: SEQUENCE SET; Schema: public; Owner: postgres
--

SELECT pg_catalog.setval('public.core_deliveryproduct_id_seq', 30, true);


--
-- Name: core_department_id_seq; Type: SEQUENCE SET; Schema: public; Owner: postgres
--

SELECT pg_catalog.setval('public.core_department_id_seq', 30, true);


--
-- Name: core_dish_id_seq; Type: SEQUENCE SET; Schema: public; Owner: postgres
--

SELECT pg_catalog.setval('public.core_dish_id_seq', 30, true);


--
-- Name: core_dish_ingredients_id_seq; Type: SEQUENCE SET; Schema: public; Owner: postgres
--

SELECT pg_catalog.setval('public.core_dish_ingredients_id_seq', 68, true);


--
-- Name: core_division_id_seq; Type: SEQUENCE SET; Schema: public; Owner: postgres
--

SELECT pg_catalog.setval('public.core_division_id_seq', 30, true);


--
-- Name: core_employee_id_seq; Type: SEQUENCE SET; Schema: public; Owner: postgres
--

SELECT pg_catalog.setval('public.core_employee_id_seq', 30, true);


--
-- Name: core_ingredient_id_seq; Type: SEQUENCE SET; Schema: public; Owner: postgres
--

SELECT pg_catalog.setval('public.core_ingredient_id_seq', 30, true);


--
-- Name: core_placeofwork_id_seq; Type: SEQUENCE SET; Schema: public; Owner: postgres
--

SELECT pg_catalog.setval('public.core_placeofwork_id_seq', 30, true);


--
-- Name: core_position_id_seq; Type: SEQUENCE SET; Schema: public; Owner: postgres
--

SELECT pg_catalog.setval('public.core_position_id_seq', 30, true);


--
-- Name: core_product_id_seq; Type: SEQUENCE SET; Schema: public; Owner: postgres
--

SELECT pg_catalog.setval('public.core_product_id_seq', 30, true);


--
-- Name: core_profession_id_seq; Type: SEQUENCE SET; Schema: public; Owner: postgres
--

SELECT pg_catalog.setval('public.core_profession_id_seq', 30, true);


--
-- Name: core_provider_id_seq; Type: SEQUENCE SET; Schema: public; Owner: postgres
--

SELECT pg_catalog.setval('public.core_provider_id_seq', 30, true);


--
-- Name: core_report_id_seq; Type: SEQUENCE SET; Schema: public; Owner: postgres
--

SELECT pg_catalog.setval('public.core_report_id_seq', 30, true);


--
-- Name: core_reportdish_id_seq; Type: SEQUENCE SET; Schema: public; Owner: postgres
--

SELECT pg_catalog.setval('public.core_reportdish_id_seq', 30, true);


--
-- Name: core_request_id_seq; Type: SEQUENCE SET; Schema: public; Owner: postgres
--

SELECT pg_catalog.setval('public.core_request_id_seq', 30, true);


--
-- Name: core_requestproduct_id_seq; Type: SEQUENCE SET; Schema: public; Owner: postgres
--

SELECT pg_catalog.setval('public.core_requestproduct_id_seq', 30, true);


--
-- Name: core_specialization_id_seq; Type: SEQUENCE SET; Schema: public; Owner: postgres
--

SELECT pg_catalog.setval('public.core_specialization_id_seq', 30, true);


--
-- Name: core_street_id_seq; Type: SEQUENCE SET; Schema: public; Owner: postgres
--

SELECT pg_catalog.setval('public.core_street_id_seq', 31, true);


--
-- Name: core_unitofmeasurement_id_seq; Type: SEQUENCE SET; Schema: public; Owner: postgres
--

SELECT pg_catalog.setval('public.core_unitofmeasurement_id_seq', 30, true);


--
-- Name: core_workbook_id_seq; Type: SEQUENCE SET; Schema: public; Owner: postgres
--

SELECT pg_catalog.setval('public.core_workbook_id_seq', 30, true);


--
-- Name: django_admin_log_id_seq; Type: SEQUENCE SET; Schema: public; Owner: postgres
--

SELECT pg_catalog.setval('public.django_admin_log_id_seq', 15, true);


--
-- Name: django_content_type_id_seq; Type: SEQUENCE SET; Schema: public; Owner: postgres
--

SELECT pg_catalog.setval('public.django_content_type_id_seq', 32, true);


--
-- Name: django_migrations_id_seq; Type: SEQUENCE SET; Schema: public; Owner: postgres
--

SELECT pg_catalog.setval('public.django_migrations_id_seq', 21, true);


--
-- Name: auth_group auth_group_name_key; Type: CONSTRAINT; Schema: public; Owner: postgres
--

ALTER TABLE ONLY public.auth_group
    ADD CONSTRAINT auth_group_name_key UNIQUE (name);


--
-- Name: auth_group_permissions auth_group_permissions_group_id_permission_id_0cd325b0_uniq; Type: CONSTRAINT; Schema: public; Owner: postgres
--

ALTER TABLE ONLY public.auth_group_permissions
    ADD CONSTRAINT auth_group_permissions_group_id_permission_id_0cd325b0_uniq UNIQUE (group_id, permission_id);


--
-- Name: auth_group_permissions auth_group_permissions_pkey; Type: CONSTRAINT; Schema: public; Owner: postgres
--

ALTER TABLE ONLY public.auth_group_permissions
    ADD CONSTRAINT auth_group_permissions_pkey PRIMARY KEY (id);


--
-- Name: auth_group auth_group_pkey; Type: CONSTRAINT; Schema: public; Owner: postgres
--

ALTER TABLE ONLY public.auth_group
    ADD CONSTRAINT auth_group_pkey PRIMARY KEY (id);


--
-- Name: auth_permission auth_permission_content_type_id_codename_01ab375a_uniq; Type: CONSTRAINT; Schema: public; Owner: postgres
--

ALTER TABLE ONLY public.auth_permission
    ADD CONSTRAINT auth_permission_content_type_id_codename_01ab375a_uniq UNIQUE (content_type_id, codename);


--
-- Name: auth_permission auth_permission_pkey; Type: CONSTRAINT; Schema: public; Owner: postgres
--

ALTER TABLE ONLY public.auth_permission
    ADD CONSTRAINT auth_permission_pkey PRIMARY KEY (id);


--
-- Name: auth_user_groups auth_user_groups_pkey; Type: CONSTRAINT; Schema: public; Owner: postgres
--

ALTER TABLE ONLY public.auth_user_groups
    ADD CONSTRAINT auth_user_groups_pkey PRIMARY KEY (id);


--
-- Name: auth_user_groups auth_user_groups_user_id_group_id_94350c0c_uniq; Type: CONSTRAINT; Schema: public; Owner: postgres
--

ALTER TABLE ONLY public.auth_user_groups
    ADD CONSTRAINT auth_user_groups_user_id_group_id_94350c0c_uniq UNIQUE (user_id, group_id);


--
-- Name: auth_user auth_user_pkey; Type: CONSTRAINT; Schema: public; Owner: postgres
--

ALTER TABLE ONLY public.auth_user
    ADD CONSTRAINT auth_user_pkey PRIMARY KEY (id);


--
-- Name: auth_user_user_permissions auth_user_user_permissions_pkey; Type: CONSTRAINT; Schema: public; Owner: postgres
--

ALTER TABLE ONLY public.auth_user_user_permissions
    ADD CONSTRAINT auth_user_user_permissions_pkey PRIMARY KEY (id);


--
-- Name: auth_user_user_permissions auth_user_user_permissions_user_id_permission_id_14a6b632_uniq; Type: CONSTRAINT; Schema: public; Owner: postgres
--

ALTER TABLE ONLY public.auth_user_user_permissions
    ADD CONSTRAINT auth_user_user_permissions_user_id_permission_id_14a6b632_uniq UNIQUE (user_id, permission_id);


--
-- Name: auth_user auth_user_username_key; Type: CONSTRAINT; Schema: public; Owner: postgres
--

ALTER TABLE ONLY public.auth_user
    ADD CONSTRAINT auth_user_username_key UNIQUE (username);


--
-- Name: core_actionlog core_actionlog_pkey; Type: CONSTRAINT; Schema: public; Owner: postgres
--

ALTER TABLE ONLY public.core_actionlog
    ADD CONSTRAINT core_actionlog_pkey PRIMARY KEY (id);


--
-- Name: core_assortmentgroup core_assortmentgroup_pkey; Type: CONSTRAINT; Schema: public; Owner: postgres
--

ALTER TABLE ONLY public.core_assortmentgroup
    ADD CONSTRAINT core_assortmentgroup_pkey PRIMARY KEY (id);


--
-- Name: core_bank core_bank_pkey; Type: CONSTRAINT; Schema: public; Owner: postgres
--

ALTER TABLE ONLY public.core_bank
    ADD CONSTRAINT core_bank_pkey PRIMARY KEY (id);


--
-- Name: core_city core_city_pkey; Type: CONSTRAINT; Schema: public; Owner: postgres
--

ALTER TABLE ONLY public.core_city
    ADD CONSTRAINT core_city_pkey PRIMARY KEY (id);


--
-- Name: core_classification core_classification_pkey; Type: CONSTRAINT; Schema: public; Owner: postgres
--

ALTER TABLE ONLY public.core_classification
    ADD CONSTRAINT core_classification_pkey PRIMARY KEY (id);


--
-- Name: core_country core_country_pkey; Type: CONSTRAINT; Schema: public; Owner: postgres
--

ALTER TABLE ONLY public.core_country
    ADD CONSTRAINT core_country_pkey PRIMARY KEY (id);


--
-- Name: core_delivery core_delivery_pkey; Type: CONSTRAINT; Schema: public; Owner: postgres
--

ALTER TABLE ONLY public.core_delivery
    ADD CONSTRAINT core_delivery_pkey PRIMARY KEY (id);


--
-- Name: core_deliveryproduct core_deliveryproduct_pkey; Type: CONSTRAINT; Schema: public; Owner: postgres
--

ALTER TABLE ONLY public.core_deliveryproduct
    ADD CONSTRAINT core_deliveryproduct_pkey PRIMARY KEY (id);


--
-- Name: core_department core_department_pkey; Type: CONSTRAINT; Schema: public; Owner: postgres
--

ALTER TABLE ONLY public.core_department
    ADD CONSTRAINT core_department_pkey PRIMARY KEY (id);


--
-- Name: core_dish_ingredients core_dish_ingredients_dish_id_ingredient_id_329453ba_uniq; Type: CONSTRAINT; Schema: public; Owner: postgres
--

ALTER TABLE ONLY public.core_dish_ingredients
    ADD CONSTRAINT core_dish_ingredients_dish_id_ingredient_id_329453ba_uniq UNIQUE (dish_id, ingredient_id);


--
-- Name: core_dish_ingredients core_dish_ingredients_pkey; Type: CONSTRAINT; Schema: public; Owner: postgres
--

ALTER TABLE ONLY public.core_dish_ingredients
    ADD CONSTRAINT core_dish_ingredients_pkey PRIMARY KEY (id);


--
-- Name: core_dish core_dish_pkey; Type: CONSTRAINT; Schema: public; Owner: postgres
--

ALTER TABLE ONLY public.core_dish
    ADD CONSTRAINT core_dish_pkey PRIMARY KEY (id);


--
-- Name: core_division core_division_pkey; Type: CONSTRAINT; Schema: public; Owner: postgres
--

ALTER TABLE ONLY public.core_division
    ADD CONSTRAINT core_division_pkey PRIMARY KEY (id);


--
-- Name: core_employee core_employee_pkey; Type: CONSTRAINT; Schema: public; Owner: postgres
--

ALTER TABLE ONLY public.core_employee
    ADD CONSTRAINT core_employee_pkey PRIMARY KEY (id);


--
-- Name: core_ingredient core_ingredient_pkey; Type: CONSTRAINT; Schema: public; Owner: postgres
--

ALTER TABLE ONLY public.core_ingredient
    ADD CONSTRAINT core_ingredient_pkey PRIMARY KEY (id);


--
-- Name: core_placeofwork core_placeofwork_pkey; Type: CONSTRAINT; Schema: public; Owner: postgres
--

ALTER TABLE ONLY public.core_placeofwork
    ADD CONSTRAINT core_placeofwork_pkey PRIMARY KEY (id);


--
-- Name: core_position core_position_pkey; Type: CONSTRAINT; Schema: public; Owner: postgres
--

ALTER TABLE ONLY public.core_position
    ADD CONSTRAINT core_position_pkey PRIMARY KEY (id);


--
-- Name: core_product core_product_pkey; Type: CONSTRAINT; Schema: public; Owner: postgres
--

ALTER TABLE ONLY public.core_product
    ADD CONSTRAINT core_product_pkey PRIMARY KEY (id);


--
-- Name: core_profession core_profession_pkey; Type: CONSTRAINT; Schema: public; Owner: postgres
--

ALTER TABLE ONLY public.core_profession
    ADD CONSTRAINT core_profession_pkey PRIMARY KEY (id);


--
-- Name: core_provider core_provider_pkey; Type: CONSTRAINT; Schema: public; Owner: postgres
--

ALTER TABLE ONLY public.core_provider
    ADD CONSTRAINT core_provider_pkey PRIMARY KEY (id);


--
-- Name: core_report core_report_pkey; Type: CONSTRAINT; Schema: public; Owner: postgres
--

ALTER TABLE ONLY public.core_report
    ADD CONSTRAINT core_report_pkey PRIMARY KEY (id);


--
-- Name: core_reportdish core_reportdish_pkey; Type: CONSTRAINT; Schema: public; Owner: postgres
--

ALTER TABLE ONLY public.core_reportdish
    ADD CONSTRAINT core_reportdish_pkey PRIMARY KEY (id);


--
-- Name: core_request core_request_pkey; Type: CONSTRAINT; Schema: public; Owner: postgres
--

ALTER TABLE ONLY public.core_request
    ADD CONSTRAINT core_request_pkey PRIMARY KEY (id);


--
-- Name: core_requestproduct core_requestproduct_pkey; Type: CONSTRAINT; Schema: public; Owner: postgres
--

ALTER TABLE ONLY public.core_requestproduct
    ADD CONSTRAINT core_requestproduct_pkey PRIMARY KEY (id);


--
-- Name: core_specialization core_specialization_pkey; Type: CONSTRAINT; Schema: public; Owner: postgres
--

ALTER TABLE ONLY public.core_specialization
    ADD CONSTRAINT core_specialization_pkey PRIMARY KEY (id);


--
-- Name: core_street core_street_pkey; Type: CONSTRAINT; Schema: public; Owner: postgres
--

ALTER TABLE ONLY public.core_street
    ADD CONSTRAINT core_street_pkey PRIMARY KEY (id);


--
-- Name: core_unitofmeasurement core_unitofmeasurement_pkey; Type: CONSTRAINT; Schema: public; Owner: postgres
--

ALTER TABLE ONLY public.core_unitofmeasurement
    ADD CONSTRAINT core_unitofmeasurement_pkey PRIMARY KEY (id);


--
-- Name: core_workbook core_workbook_pkey; Type: CONSTRAINT; Schema: public; Owner: postgres
--

ALTER TABLE ONLY public.core_workbook
    ADD CONSTRAINT core_workbook_pkey PRIMARY KEY (id);


--
-- Name: django_admin_log django_admin_log_pkey; Type: CONSTRAINT; Schema: public; Owner: postgres
--

ALTER TABLE ONLY public.django_admin_log
    ADD CONSTRAINT django_admin_log_pkey PRIMARY KEY (id);


--
-- Name: django_content_type django_content_type_app_label_model_76bd3d3b_uniq; Type: CONSTRAINT; Schema: public; Owner: postgres
--

ALTER TABLE ONLY public.django_content_type
    ADD CONSTRAINT django_content_type_app_label_model_76bd3d3b_uniq UNIQUE (app_label, model);


--
-- Name: django_content_type django_content_type_pkey; Type: CONSTRAINT; Schema: public; Owner: postgres
--

ALTER TABLE ONLY public.django_content_type
    ADD CONSTRAINT django_content_type_pkey PRIMARY KEY (id);


--
-- Name: django_migrations django_migrations_pkey; Type: CONSTRAINT; Schema: public; Owner: postgres
--

ALTER TABLE ONLY public.django_migrations
    ADD CONSTRAINT django_migrations_pkey PRIMARY KEY (id);


--
-- Name: django_session django_session_pkey; Type: CONSTRAINT; Schema: public; Owner: postgres
--

ALTER TABLE ONLY public.django_session
    ADD CONSTRAINT django_session_pkey PRIMARY KEY (session_key);


--
-- Name: auth_group_name_a6ea08ec_like; Type: INDEX; Schema: public; Owner: postgres
--

CREATE INDEX auth_group_name_a6ea08ec_like ON public.auth_group USING btree (name varchar_pattern_ops);


--
-- Name: auth_group_permissions_group_id_b120cbf9; Type: INDEX; Schema: public; Owner: postgres
--

CREATE INDEX auth_group_permissions_group_id_b120cbf9 ON public.auth_group_permissions USING btree (group_id);


--
-- Name: auth_group_permissions_permission_id_84c5c92e; Type: INDEX; Schema: public; Owner: postgres
--

CREATE INDEX auth_group_permissions_permission_id_84c5c92e ON public.auth_group_permissions USING btree (permission_id);


--
-- Name: auth_permission_content_type_id_2f476e4b; Type: INDEX; Schema: public; Owner: postgres
--

CREATE INDEX auth_permission_content_type_id_2f476e4b ON public.auth_permission USING btree (content_type_id);


--
-- Name: auth_user_groups_group_id_97559544; Type: INDEX; Schema: public; Owner: postgres
--

CREATE INDEX auth_user_groups_group_id_97559544 ON public.auth_user_groups USING btree (group_id);


--
-- Name: auth_user_groups_user_id_6a12ed8b; Type: INDEX; Schema: public; Owner: postgres
--

CREATE INDEX auth_user_groups_user_id_6a12ed8b ON public.auth_user_groups USING btree (user_id);


--
-- Name: auth_user_user_permissions_permission_id_1fbb5f2c; Type: INDEX; Schema: public; Owner: postgres
--

CREATE INDEX auth_user_user_permissions_permission_id_1fbb5f2c ON public.auth_user_user_permissions USING btree (permission_id);


--
-- Name: auth_user_user_permissions_user_id_a95ead1b; Type: INDEX; Schema: public; Owner: postgres
--

CREATE INDEX auth_user_user_permissions_user_id_a95ead1b ON public.auth_user_user_permissions USING btree (user_id);


--
-- Name: auth_user_username_6821ab7c_like; Type: INDEX; Schema: public; Owner: postgres
--

CREATE INDEX auth_user_username_6821ab7c_like ON public.auth_user USING btree (username varchar_pattern_ops);


--
-- Name: core_actionlog_user_id_686d25e2; Type: INDEX; Schema: public; Owner: postgres
--

CREATE INDEX core_actionlog_user_id_686d25e2 ON public.core_actionlog USING btree (user_id);


--
-- Name: core_delivery_provider_id_1039b4a5; Type: INDEX; Schema: public; Owner: postgres
--

CREATE INDEX core_delivery_provider_id_1039b4a5 ON public.core_delivery USING btree (provider_id);


--
-- Name: core_deliveryproduct_delivery_id_eb2cbbbc; Type: INDEX; Schema: public; Owner: postgres
--

CREATE INDEX core_deliveryproduct_delivery_id_eb2cbbbc ON public.core_deliveryproduct USING btree (delivery_id);


--
-- Name: core_deliveryproduct_product_id_82da6351; Type: INDEX; Schema: public; Owner: postgres
--

CREATE INDEX core_deliveryproduct_product_id_82da6351 ON public.core_deliveryproduct USING btree (product_id);


--
-- Name: core_dish_assortment_group_id_34a5bfdc; Type: INDEX; Schema: public; Owner: postgres
--

CREATE INDEX core_dish_assortment_group_id_34a5bfdc ON public.core_dish USING btree (assortment_group_id);


--
-- Name: core_dish_ingredients_dish_id_70b2c93a; Type: INDEX; Schema: public; Owner: postgres
--

CREATE INDEX core_dish_ingredients_dish_id_70b2c93a ON public.core_dish_ingredients USING btree (dish_id);


--
-- Name: core_dish_ingredients_ingredient_id_cfc2c3bf; Type: INDEX; Schema: public; Owner: postgres
--

CREATE INDEX core_dish_ingredients_ingredient_id_cfc2c3bf ON public.core_dish_ingredients USING btree (ingredient_id);


--
-- Name: core_dish_unit_of_measurement_id_d3975c01; Type: INDEX; Schema: public; Owner: postgres
--

CREATE INDEX core_dish_unit_of_measurement_id_d3975c01 ON public.core_dish USING btree (unit_of_measurement_id);


--
-- Name: core_employee_city_id_02185a58; Type: INDEX; Schema: public; Owner: postgres
--

CREATE INDEX core_employee_city_id_02185a58 ON public.core_employee USING btree (city_id);


--
-- Name: core_employee_country_id_ba642cc2; Type: INDEX; Schema: public; Owner: postgres
--

CREATE INDEX core_employee_country_id_ba642cc2 ON public.core_employee USING btree (country_id);


--
-- Name: core_employee_position_id_21706445; Type: INDEX; Schema: public; Owner: postgres
--

CREATE INDEX core_employee_position_id_21706445 ON public.core_employee USING btree (position_id);


--
-- Name: core_employee_street_id_8b3a9f81; Type: INDEX; Schema: public; Owner: postgres
--

CREATE INDEX core_employee_street_id_8b3a9f81 ON public.core_employee USING btree (street_id);


--
-- Name: core_placeofwork_city_id_1928b791; Type: INDEX; Schema: public; Owner: postgres
--

CREATE INDEX core_placeofwork_city_id_1928b791 ON public.core_placeofwork USING btree (city_id);


--
-- Name: core_placeofwork_country_id_66410824; Type: INDEX; Schema: public; Owner: postgres
--

CREATE INDEX core_placeofwork_country_id_66410824 ON public.core_placeofwork USING btree (country_id);


--
-- Name: core_placeofwork_street_id_27804c7d; Type: INDEX; Schema: public; Owner: postgres
--

CREATE INDEX core_placeofwork_street_id_27804c7d ON public.core_placeofwork USING btree (street_id);


--
-- Name: core_product_provider_id_58707f25; Type: INDEX; Schema: public; Owner: postgres
--

CREATE INDEX core_product_provider_id_58707f25 ON public.core_product USING btree (provider_id);


--
-- Name: core_product_unit_of_measurement_id_1da424a5; Type: INDEX; Schema: public; Owner: postgres
--

CREATE INDEX core_product_unit_of_measurement_id_1da424a5 ON public.core_product USING btree (unit_of_measurement_id);


--
-- Name: core_provider_bank_id_af447905; Type: INDEX; Schema: public; Owner: postgres
--

CREATE INDEX core_provider_bank_id_af447905 ON public.core_provider USING btree (bank_id);


--
-- Name: core_provider_city_id_9253307d; Type: INDEX; Schema: public; Owner: postgres
--

CREATE INDEX core_provider_city_id_9253307d ON public.core_provider USING btree (city_id);


--
-- Name: core_provider_country_id_b233c083; Type: INDEX; Schema: public; Owner: postgres
--

CREATE INDEX core_provider_country_id_b233c083 ON public.core_provider USING btree (country_id);


--
-- Name: core_provider_street_id_cf14560d; Type: INDEX; Schema: public; Owner: postgres
--

CREATE INDEX core_provider_street_id_cf14560d ON public.core_provider USING btree (street_id);


--
-- Name: core_reportdish_dish_id_3ef63bcc; Type: INDEX; Schema: public; Owner: postgres
--

CREATE INDEX core_reportdish_dish_id_3ef63bcc ON public.core_reportdish USING btree (dish_id);


--
-- Name: core_reportdish_report_id_ba197b83; Type: INDEX; Schema: public; Owner: postgres
--

CREATE INDEX core_reportdish_report_id_ba197b83 ON public.core_reportdish USING btree (report_id);


--
-- Name: core_request_division_id_536de2f1; Type: INDEX; Schema: public; Owner: postgres
--

CREATE INDEX core_request_division_id_536de2f1 ON public.core_request USING btree (division_id);


--
-- Name: core_requestproduct_product_id_41b79ccb; Type: INDEX; Schema: public; Owner: postgres
--

CREATE INDEX core_requestproduct_product_id_41b79ccb ON public.core_requestproduct USING btree (product_id);


--
-- Name: core_requestproduct_request_id_de133599; Type: INDEX; Schema: public; Owner: postgres
--

CREATE INDEX core_requestproduct_request_id_de133599 ON public.core_requestproduct USING btree (request_id);


--
-- Name: core_workbook_classification_id_e2d3633d; Type: INDEX; Schema: public; Owner: postgres
--

CREATE INDEX core_workbook_classification_id_e2d3633d ON public.core_workbook USING btree (classification_id);


--
-- Name: core_workbook_department_id_413cc1d1; Type: INDEX; Schema: public; Owner: postgres
--

CREATE INDEX core_workbook_department_id_413cc1d1 ON public.core_workbook USING btree (department_id);


--
-- Name: core_workbook_employee_id_2d121192; Type: INDEX; Schema: public; Owner: postgres
--

CREATE INDEX core_workbook_employee_id_2d121192 ON public.core_workbook USING btree (employee_id);


--
-- Name: core_workbook_place_of_work_id_ab6a17a2; Type: INDEX; Schema: public; Owner: postgres
--

CREATE INDEX core_workbook_place_of_work_id_ab6a17a2 ON public.core_workbook USING btree (place_of_work_id);


--
-- Name: core_workbook_profession_id_7505bb0c; Type: INDEX; Schema: public; Owner: postgres
--

CREATE INDEX core_workbook_profession_id_7505bb0c ON public.core_workbook USING btree (profession_id);


--
-- Name: core_workbook_specialization_id_c4a9d754; Type: INDEX; Schema: public; Owner: postgres
--

CREATE INDEX core_workbook_specialization_id_c4a9d754 ON public.core_workbook USING btree (specialization_id);


--
-- Name: django_admin_log_content_type_id_c4bce8eb; Type: INDEX; Schema: public; Owner: postgres
--

CREATE INDEX django_admin_log_content_type_id_c4bce8eb ON public.django_admin_log USING btree (content_type_id);


--
-- Name: django_admin_log_user_id_c564eba6; Type: INDEX; Schema: public; Owner: postgres
--

CREATE INDEX django_admin_log_user_id_c564eba6 ON public.django_admin_log USING btree (user_id);


--
-- Name: django_session_expire_date_a5c62663; Type: INDEX; Schema: public; Owner: postgres
--

CREATE INDEX django_session_expire_date_a5c62663 ON public.django_session USING btree (expire_date);


--
-- Name: django_session_session_key_c0390e0f_like; Type: INDEX; Schema: public; Owner: postgres
--

CREATE INDEX django_session_session_key_c0390e0f_like ON public.django_session USING btree (session_key varchar_pattern_ops);


--
-- Name: auth_group_permissions auth_group_permissio_permission_id_84c5c92e_fk_auth_perm; Type: FK CONSTRAINT; Schema: public; Owner: postgres
--

ALTER TABLE ONLY public.auth_group_permissions
    ADD CONSTRAINT auth_group_permissio_permission_id_84c5c92e_fk_auth_perm FOREIGN KEY (permission_id) REFERENCES public.auth_permission(id) DEFERRABLE INITIALLY DEFERRED;


--
-- Name: auth_group_permissions auth_group_permissions_group_id_b120cbf9_fk_auth_group_id; Type: FK CONSTRAINT; Schema: public; Owner: postgres
--

ALTER TABLE ONLY public.auth_group_permissions
    ADD CONSTRAINT auth_group_permissions_group_id_b120cbf9_fk_auth_group_id FOREIGN KEY (group_id) REFERENCES public.auth_group(id) DEFERRABLE INITIALLY DEFERRED;


--
-- Name: auth_permission auth_permission_content_type_id_2f476e4b_fk_django_co; Type: FK CONSTRAINT; Schema: public; Owner: postgres
--

ALTER TABLE ONLY public.auth_permission
    ADD CONSTRAINT auth_permission_content_type_id_2f476e4b_fk_django_co FOREIGN KEY (content_type_id) REFERENCES public.django_content_type(id) DEFERRABLE INITIALLY DEFERRED;


--
-- Name: auth_user_groups auth_user_groups_group_id_97559544_fk_auth_group_id; Type: FK CONSTRAINT; Schema: public; Owner: postgres
--

ALTER TABLE ONLY public.auth_user_groups
    ADD CONSTRAINT auth_user_groups_group_id_97559544_fk_auth_group_id FOREIGN KEY (group_id) REFERENCES public.auth_group(id) DEFERRABLE INITIALLY DEFERRED;


--
-- Name: auth_user_groups auth_user_groups_user_id_6a12ed8b_fk_auth_user_id; Type: FK CONSTRAINT; Schema: public; Owner: postgres
--

ALTER TABLE ONLY public.auth_user_groups
    ADD CONSTRAINT auth_user_groups_user_id_6a12ed8b_fk_auth_user_id FOREIGN KEY (user_id) REFERENCES public.auth_user(id) DEFERRABLE INITIALLY DEFERRED;


--
-- Name: auth_user_user_permissions auth_user_user_permi_permission_id_1fbb5f2c_fk_auth_perm; Type: FK CONSTRAINT; Schema: public; Owner: postgres
--

ALTER TABLE ONLY public.auth_user_user_permissions
    ADD CONSTRAINT auth_user_user_permi_permission_id_1fbb5f2c_fk_auth_perm FOREIGN KEY (permission_id) REFERENCES public.auth_permission(id) DEFERRABLE INITIALLY DEFERRED;


--
-- Name: auth_user_user_permissions auth_user_user_permissions_user_id_a95ead1b_fk_auth_user_id; Type: FK CONSTRAINT; Schema: public; Owner: postgres
--

ALTER TABLE ONLY public.auth_user_user_permissions
    ADD CONSTRAINT auth_user_user_permissions_user_id_a95ead1b_fk_auth_user_id FOREIGN KEY (user_id) REFERENCES public.auth_user(id) DEFERRABLE INITIALLY DEFERRED;


--
-- Name: core_actionlog core_actionlog_user_id_686d25e2_fk_auth_user_id; Type: FK CONSTRAINT; Schema: public; Owner: postgres
--

ALTER TABLE ONLY public.core_actionlog
    ADD CONSTRAINT core_actionlog_user_id_686d25e2_fk_auth_user_id FOREIGN KEY (user_id) REFERENCES public.auth_user(id) DEFERRABLE INITIALLY DEFERRED;


--
-- Name: core_delivery core_delivery_provider_id_1039b4a5_fk_core_provider_id; Type: FK CONSTRAINT; Schema: public; Owner: postgres
--

ALTER TABLE ONLY public.core_delivery
    ADD CONSTRAINT core_delivery_provider_id_1039b4a5_fk_core_provider_id FOREIGN KEY (provider_id) REFERENCES public.core_provider(id) DEFERRABLE INITIALLY DEFERRED;


--
-- Name: core_deliveryproduct core_deliveryproduct_delivery_id_eb2cbbbc_fk_core_delivery_id; Type: FK CONSTRAINT; Schema: public; Owner: postgres
--

ALTER TABLE ONLY public.core_deliveryproduct
    ADD CONSTRAINT core_deliveryproduct_delivery_id_eb2cbbbc_fk_core_delivery_id FOREIGN KEY (delivery_id) REFERENCES public.core_delivery(id) DEFERRABLE INITIALLY DEFERRED;


--
-- Name: core_deliveryproduct core_deliveryproduct_product_id_82da6351_fk_core_product_id; Type: FK CONSTRAINT; Schema: public; Owner: postgres
--

ALTER TABLE ONLY public.core_deliveryproduct
    ADD CONSTRAINT core_deliveryproduct_product_id_82da6351_fk_core_product_id FOREIGN KEY (product_id) REFERENCES public.core_product(id) DEFERRABLE INITIALLY DEFERRED;


--
-- Name: core_dish core_dish_assortment_group_id_34a5bfdc_fk_core_asso; Type: FK CONSTRAINT; Schema: public; Owner: postgres
--

ALTER TABLE ONLY public.core_dish
    ADD CONSTRAINT core_dish_assortment_group_id_34a5bfdc_fk_core_asso FOREIGN KEY (assortment_group_id) REFERENCES public.core_assortmentgroup(id) DEFERRABLE INITIALLY DEFERRED;


--
-- Name: core_dish_ingredients core_dish_ingredient_ingredient_id_cfc2c3bf_fk_core_ingr; Type: FK CONSTRAINT; Schema: public; Owner: postgres
--

ALTER TABLE ONLY public.core_dish_ingredients
    ADD CONSTRAINT core_dish_ingredient_ingredient_id_cfc2c3bf_fk_core_ingr FOREIGN KEY (ingredient_id) REFERENCES public.core_ingredient(id) DEFERRABLE INITIALLY DEFERRED;


--
-- Name: core_dish_ingredients core_dish_ingredients_dish_id_70b2c93a_fk_core_dish_id; Type: FK CONSTRAINT; Schema: public; Owner: postgres
--

ALTER TABLE ONLY public.core_dish_ingredients
    ADD CONSTRAINT core_dish_ingredients_dish_id_70b2c93a_fk_core_dish_id FOREIGN KEY (dish_id) REFERENCES public.core_dish(id) DEFERRABLE INITIALLY DEFERRED;


--
-- Name: core_dish core_dish_unit_of_measurement__d3975c01_fk_core_unit; Type: FK CONSTRAINT; Schema: public; Owner: postgres
--

ALTER TABLE ONLY public.core_dish
    ADD CONSTRAINT core_dish_unit_of_measurement__d3975c01_fk_core_unit FOREIGN KEY (unit_of_measurement_id) REFERENCES public.core_unitofmeasurement(id) DEFERRABLE INITIALLY DEFERRED;


--
-- Name: core_employee core_employee_city_id_02185a58_fk_core_city_id; Type: FK CONSTRAINT; Schema: public; Owner: postgres
--

ALTER TABLE ONLY public.core_employee
    ADD CONSTRAINT core_employee_city_id_02185a58_fk_core_city_id FOREIGN KEY (city_id) REFERENCES public.core_city(id) DEFERRABLE INITIALLY DEFERRED;


--
-- Name: core_employee core_employee_country_id_ba642cc2_fk_core_country_id; Type: FK CONSTRAINT; Schema: public; Owner: postgres
--

ALTER TABLE ONLY public.core_employee
    ADD CONSTRAINT core_employee_country_id_ba642cc2_fk_core_country_id FOREIGN KEY (country_id) REFERENCES public.core_country(id) DEFERRABLE INITIALLY DEFERRED;


--
-- Name: core_employee core_employee_position_id_21706445_fk_core_position_id; Type: FK CONSTRAINT; Schema: public; Owner: postgres
--

ALTER TABLE ONLY public.core_employee
    ADD CONSTRAINT core_employee_position_id_21706445_fk_core_position_id FOREIGN KEY (position_id) REFERENCES public.core_position(id) DEFERRABLE INITIALLY DEFERRED;


--
-- Name: core_employee core_employee_street_id_8b3a9f81_fk_core_street_id; Type: FK CONSTRAINT; Schema: public; Owner: postgres
--

ALTER TABLE ONLY public.core_employee
    ADD CONSTRAINT core_employee_street_id_8b3a9f81_fk_core_street_id FOREIGN KEY (street_id) REFERENCES public.core_street(id) DEFERRABLE INITIALLY DEFERRED;


--
-- Name: core_placeofwork core_placeofwork_city_id_1928b791_fk_core_city_id; Type: FK CONSTRAINT; Schema: public; Owner: postgres
--

ALTER TABLE ONLY public.core_placeofwork
    ADD CONSTRAINT core_placeofwork_city_id_1928b791_fk_core_city_id FOREIGN KEY (city_id) REFERENCES public.core_city(id) DEFERRABLE INITIALLY DEFERRED;


--
-- Name: core_placeofwork core_placeofwork_country_id_66410824_fk_core_country_id; Type: FK CONSTRAINT; Schema: public; Owner: postgres
--

ALTER TABLE ONLY public.core_placeofwork
    ADD CONSTRAINT core_placeofwork_country_id_66410824_fk_core_country_id FOREIGN KEY (country_id) REFERENCES public.core_country(id) DEFERRABLE INITIALLY DEFERRED;


--
-- Name: core_placeofwork core_placeofwork_street_id_27804c7d_fk_core_street_id; Type: FK CONSTRAINT; Schema: public; Owner: postgres
--

ALTER TABLE ONLY public.core_placeofwork
    ADD CONSTRAINT core_placeofwork_street_id_27804c7d_fk_core_street_id FOREIGN KEY (street_id) REFERENCES public.core_street(id) DEFERRABLE INITIALLY DEFERRED;


--
-- Name: core_product core_product_provider_id_58707f25_fk_core_provider_id; Type: FK CONSTRAINT; Schema: public; Owner: postgres
--

ALTER TABLE ONLY public.core_product
    ADD CONSTRAINT core_product_provider_id_58707f25_fk_core_provider_id FOREIGN KEY (provider_id) REFERENCES public.core_provider(id) DEFERRABLE INITIALLY DEFERRED;


--
-- Name: core_product core_product_unit_of_measurement__1da424a5_fk_core_unit; Type: FK CONSTRAINT; Schema: public; Owner: postgres
--

ALTER TABLE ONLY public.core_product
    ADD CONSTRAINT core_product_unit_of_measurement__1da424a5_fk_core_unit FOREIGN KEY (unit_of_measurement_id) REFERENCES public.core_unitofmeasurement(id) DEFERRABLE INITIALLY DEFERRED;


--
-- Name: core_provider core_provider_bank_id_af447905_fk_core_bank_id; Type: FK CONSTRAINT; Schema: public; Owner: postgres
--

ALTER TABLE ONLY public.core_provider
    ADD CONSTRAINT core_provider_bank_id_af447905_fk_core_bank_id FOREIGN KEY (bank_id) REFERENCES public.core_bank(id) DEFERRABLE INITIALLY DEFERRED;


--
-- Name: core_provider core_provider_city_id_9253307d_fk_core_city_id; Type: FK CONSTRAINT; Schema: public; Owner: postgres
--

ALTER TABLE ONLY public.core_provider
    ADD CONSTRAINT core_provider_city_id_9253307d_fk_core_city_id FOREIGN KEY (city_id) REFERENCES public.core_city(id) DEFERRABLE INITIALLY DEFERRED;


--
-- Name: core_provider core_provider_country_id_b233c083_fk_core_country_id; Type: FK CONSTRAINT; Schema: public; Owner: postgres
--

ALTER TABLE ONLY public.core_provider
    ADD CONSTRAINT core_provider_country_id_b233c083_fk_core_country_id FOREIGN KEY (country_id) REFERENCES public.core_country(id) DEFERRABLE INITIALLY DEFERRED;


--
-- Name: core_provider core_provider_street_id_cf14560d_fk_core_street_id; Type: FK CONSTRAINT; Schema: public; Owner: postgres
--

ALTER TABLE ONLY public.core_provider
    ADD CONSTRAINT core_provider_street_id_cf14560d_fk_core_street_id FOREIGN KEY (street_id) REFERENCES public.core_street(id) DEFERRABLE INITIALLY DEFERRED;


--
-- Name: core_reportdish core_reportdish_dish_id_3ef63bcc_fk_core_dish_id; Type: FK CONSTRAINT; Schema: public; Owner: postgres
--

ALTER TABLE ONLY public.core_reportdish
    ADD CONSTRAINT core_reportdish_dish_id_3ef63bcc_fk_core_dish_id FOREIGN KEY (dish_id) REFERENCES public.core_dish(id) DEFERRABLE INITIALLY DEFERRED;


--
-- Name: core_reportdish core_reportdish_report_id_ba197b83_fk_core_report_id; Type: FK CONSTRAINT; Schema: public; Owner: postgres
--

ALTER TABLE ONLY public.core_reportdish
    ADD CONSTRAINT core_reportdish_report_id_ba197b83_fk_core_report_id FOREIGN KEY (report_id) REFERENCES public.core_report(id) DEFERRABLE INITIALLY DEFERRED;


--
-- Name: core_request core_request_division_id_536de2f1_fk_core_division_id; Type: FK CONSTRAINT; Schema: public; Owner: postgres
--

ALTER TABLE ONLY public.core_request
    ADD CONSTRAINT core_request_division_id_536de2f1_fk_core_division_id FOREIGN KEY (division_id) REFERENCES public.core_division(id) DEFERRABLE INITIALLY DEFERRED;


--
-- Name: core_requestproduct core_requestproduct_product_id_41b79ccb_fk_core_product_id; Type: FK CONSTRAINT; Schema: public; Owner: postgres
--

ALTER TABLE ONLY public.core_requestproduct
    ADD CONSTRAINT core_requestproduct_product_id_41b79ccb_fk_core_product_id FOREIGN KEY (product_id) REFERENCES public.core_product(id) DEFERRABLE INITIALLY DEFERRED;


--
-- Name: core_requestproduct core_requestproduct_request_id_de133599_fk_core_request_id; Type: FK CONSTRAINT; Schema: public; Owner: postgres
--

ALTER TABLE ONLY public.core_requestproduct
    ADD CONSTRAINT core_requestproduct_request_id_de133599_fk_core_request_id FOREIGN KEY (request_id) REFERENCES public.core_request(id) DEFERRABLE INITIALLY DEFERRED;


--
-- Name: core_workbook core_workbook_classification_id_e2d3633d_fk_core_clas; Type: FK CONSTRAINT; Schema: public; Owner: postgres
--

ALTER TABLE ONLY public.core_workbook
    ADD CONSTRAINT core_workbook_classification_id_e2d3633d_fk_core_clas FOREIGN KEY (classification_id) REFERENCES public.core_classification(id) DEFERRABLE INITIALLY DEFERRED;


--
-- Name: core_workbook core_workbook_department_id_413cc1d1_fk_core_department_id; Type: FK CONSTRAINT; Schema: public; Owner: postgres
--

ALTER TABLE ONLY public.core_workbook
    ADD CONSTRAINT core_workbook_department_id_413cc1d1_fk_core_department_id FOREIGN KEY (department_id) REFERENCES public.core_department(id) DEFERRABLE INITIALLY DEFERRED;


--
-- Name: core_workbook core_workbook_employee_id_2d121192_fk_core_employee_id; Type: FK CONSTRAINT; Schema: public; Owner: postgres
--

ALTER TABLE ONLY public.core_workbook
    ADD CONSTRAINT core_workbook_employee_id_2d121192_fk_core_employee_id FOREIGN KEY (employee_id) REFERENCES public.core_employee(id) DEFERRABLE INITIALLY DEFERRED;


--
-- Name: core_workbook core_workbook_place_of_work_id_ab6a17a2_fk_core_placeofwork_id; Type: FK CONSTRAINT; Schema: public; Owner: postgres
--

ALTER TABLE ONLY public.core_workbook
    ADD CONSTRAINT core_workbook_place_of_work_id_ab6a17a2_fk_core_placeofwork_id FOREIGN KEY (place_of_work_id) REFERENCES public.core_placeofwork(id) DEFERRABLE INITIALLY DEFERRED;


--
-- Name: core_workbook core_workbook_profession_id_7505bb0c_fk_core_profession_id; Type: FK CONSTRAINT; Schema: public; Owner: postgres
--

ALTER TABLE ONLY public.core_workbook
    ADD CONSTRAINT core_workbook_profession_id_7505bb0c_fk_core_profession_id FOREIGN KEY (profession_id) REFERENCES public.core_profession(id) DEFERRABLE INITIALLY DEFERRED;


--
-- Name: core_workbook core_workbook_specialization_id_c4a9d754_fk_core_spec; Type: FK CONSTRAINT; Schema: public; Owner: postgres
--

ALTER TABLE ONLY public.core_workbook
    ADD CONSTRAINT core_workbook_specialization_id_c4a9d754_fk_core_spec FOREIGN KEY (specialization_id) REFERENCES public.core_specialization(id) DEFERRABLE INITIALLY DEFERRED;


--
-- Name: django_admin_log django_admin_log_content_type_id_c4bce8eb_fk_django_co; Type: FK CONSTRAINT; Schema: public; Owner: postgres
--

ALTER TABLE ONLY public.django_admin_log
    ADD CONSTRAINT django_admin_log_content_type_id_c4bce8eb_fk_django_co FOREIGN KEY (content_type_id) REFERENCES public.django_content_type(id) DEFERRABLE INITIALLY DEFERRED;


--
-- Name: django_admin_log django_admin_log_user_id_c564eba6_fk_auth_user_id; Type: FK CONSTRAINT; Schema: public; Owner: postgres
--

ALTER TABLE ONLY public.django_admin_log
    ADD CONSTRAINT django_admin_log_user_id_c564eba6_fk_auth_user_id FOREIGN KEY (user_id) REFERENCES public.auth_user(id) DEFERRABLE INITIALLY DEFERRED;


--
-- PostgreSQL database dump complete
--

\unrestrict gLqd0GDnhUgc6ZmoVQ7WmLMvpvdG3JTc6VhpcQ2YwNtd4CJwcbEPuRe2j5P5kA3

